variant.id;id;sku;title;price;comparePrice;product_id;title.1;totalInventory;totalVariants;mediaCount;sku_2;SKU;Porcentagem;Encomenda
gid://shopify/ProductVariant/46331460780327;gid://shopify/ProductVariant/46331460780327;BR04355T;M;15760.0;19700.0;gid://shopify/Product/8573060677927;Brinco 15 Anos De Ouro Branco 18K Com Ródio Negro E Diamante Negro - M;6.0;1.0;3.0;BR04355T;BR04355T;20.0;Sim
gid://shopify/ProductVariant/46332407382311;gid://shopify/ProductVariant/46332407382311;CL04024;Default Title;2720.0;3400.0;gid://shopify/Product/8573204758823;Colar Amore De Ouro Branco 18K Com Ródio Negro;14.0;1.0;2.0;CL04024;CL04024;20.0;Sim
gid://shopify/ProductVariant/46334857085223;gid://shopify/ProductVariant/46334857085223;BR05931T;G;3290.0;4700.0;gid://shopify/Product/8573469065511;Brinco Blossom De Prata Com Ouro Amarelo E Safira - G;1.0;1.0;2.0;BR05931T;BR05931T;30.0;Nao
gid://shopify/ProductVariant/46334861377831;gid://shopify/ProductVariant/46334861377831;BR05932T;G;3440.0;4300.0;gid://shopify/Product/8573469917479;Brinco Blossom De Prata Com Ródio Negro E Safira - G;3.0;1.0;2.0;BR05932T;BR05932T;20.0;Nao
gid://shopify/ProductVariant/46334865015079;gid://shopify/ProductVariant/46334865015079;BR05933T;P;2450.0;3500.0;gid://shopify/Product/8573470408999;Brinco Blossom De Prata Com Ródio Negro E Safira - P;3.0;1.0;3.0;BR05933T;BR05933T;30.0;Nao
gid://shopify/ProductVariant/46336489128231;gid://shopify/ProductVariant/46336489128231;BR06258T;Default Title;14400.0;18000.0;gid://shopify/Product/8573617832231;Brinco Eterna Rock De Ouro Branco 18K E Morganita E Diamante;1.0;1.0;1.0;BR06258T;BR06258T;20.0;Nao
gid://shopify/ProductVariant/46336517308711;gid://shopify/ProductVariant/46336517308711;BR06392T;Default Title;24800.0;31000.0;gid://shopify/Product/8573624090919;Brinco Eterna Rock De Ouro Branco 18K E Topázio E Diamante;1.0;1.0;1.0;BR06392T;BR06392T;20.0;Nao
gid://shopify/ProductVariant/46355448398119;gid://shopify/ProductVariant/46355448398119;BR06522T;Default Title;176000.0;220000.0;gid://shopify/Product/8577749844263;Brinco Vita Eterna De Ouro Amarelo E Branco 18K E Diamante E Esmeralda;1.0;1.0;1.0;BR06522T;BR06522T;20.0;Nao
gid://shopify/ProductVariant/46355513213223;gid://shopify/ProductVariant/46355513213223;PI01345;P;475.0;950.0;gid://shopify/Product/8577774289191;Pingente Pop Chain De Prata Com Ouro Amarelo - P;10.0;1.0;3.0;PI01345;PI01345;50.0;Nao
gid://shopify/ProductVariant/46355513573671;gid://shopify/ProductVariant/46355513573671;PI01350;Default Title;550.0;1100.0;gid://shopify/Product/8577774453031;Pingente Pop Chain De Prata Com Ouro Amarelo;9.0;1.0;3.0;PI01350;PI01350;50.0;Nao
gid://shopify/ProductVariant/46355513737511;gid://shopify/ProductVariant/46355513737511;PI01342;G;600.0;1200.0;gid://shopify/Product/8577774518567;Pingente Pop Chain De Prata Com Ródio Negro - G;6.0;1.0;3.0;PI01342;PI01342;50.0;Nao
gid://shopify/ProductVariant/46355513901351;gid://shopify/ProductVariant/46355513901351;PI01346;P;400.0;800.0;gid://shopify/Product/8577774649639;Pingente Pop Chain De Prata Com Ródio Negro - P;9.0;1.0;3.0;PI01346;PI01346;50.0;Nao
gid://shopify/ProductVariant/46355514261799;gid://shopify/ProductVariant/46355514261799;PI01351;Default Title;500.0;1000.0;gid://shopify/Product/8577774780711;Pingente Pop Chain De Prata Com Ródio Negro;6.0;1.0;3.0;PI01351;PI01351;50.0;Nao
gid://shopify/ProductVariant/46356181352743;gid://shopify/ProductVariant/46356181352743;PU01862T;PP;1890.0;2700.0;gid://shopify/Product/8577926824231;Pulseira JV MAN II De Prata Com Ródio Negro;1.0;1.0;0.0;PU01862T;PU01862T;30.0;Nao
gid://shopify/ProductVariant/46356183122215;gid://shopify/ProductVariant/46356183122215;PU01868T;P;2030.0;2900.0;gid://shopify/Product/8577927053607;Pulseira JV MAN II De Prata Com Ródio Negro;13.0;3.0;2.0;PU01868T;PU01868T;30.0;Sim
gid://shopify/ProductVariant/46356188561703;gid://shopify/ProductVariant/46356188561703;PU01873T;P;2030.0;2900.0;gid://shopify/Product/8577927676199;Pulseira JV MAN II De Prata Com Ouro Branco;9.0;2.0;2.0;PU01873T;PU01873T;30.0;Nao
gid://shopify/ProductVariant/46356299809063;gid://shopify/ProductVariant/46356299809063;PU01885T;P;1890.0;2700.0;gid://shopify/Product/8577943175463;Pulseira JV MAN II De Prata Com Ouro Branco Fosco;25.0;4.0;1.0;PU01885T;PU01885T;30.0;Nao
gid://shopify/ProductVariant/46356303970599;gid://shopify/ProductVariant/46356303970599;PU01890T;GG;1890.0;2700.0;gid://shopify/Product/8577943830823;Pulseira JV MAN II De Prata Com Ródio Negro Fosco;38.0;4.0;1.0;PU01890T;PU01890T;30.0;Nao
gid://shopify/ProductVariant/46356305084711;gid://shopify/ProductVariant/46356305084711;PU01892T;P;2030.0;2900.0;gid://shopify/Product/8577943961895;Pulseira JV MAN II De Prata Com Ródio Negro Fosco;8.0;1.0;1.0;PU01892T;PU01892T;30.0;Sim
gid://shopify/ProductVariant/46356306788647;gid://shopify/ProductVariant/46356306788647;PU01893T;P;2030.0;2900.0;gid://shopify/Product/8577944191271;Pulseira JV MAN II De Prata Com Ouro Branco Fosco;5.0;1.0;1.0;PU01893T;PU01893T;30.0;Nao
gid://shopify/ProductVariant/46390856712487;gid://shopify/ProductVariant/46390856712487;PI01125;G;490.0;980.0;gid://shopify/Product/8582011060519;Pingente Pop Beijo  De Prata Com Ouro Amarelo - G;2.0;1.0;2.0;PI01125;PI01125;50.0;Nao
gid://shopify/ProductVariant/46390856843559;gid://shopify/ProductVariant/46390856843559;PI01127;G;490.0;980.0;gid://shopify/Product/8582011158823;Pingente Pop Sorriso De Prata Com Ouro Amarelo - G;3.0;1.0;2.0;PI01127;PI01127;50.0;Nao
gid://shopify/ProductVariant/46390856941863;gid://shopify/ProductVariant/46390856941863;PI01132;P;325.0;650.0;gid://shopify/Product/8582011257127;Pingente Pop óculos De Prata Com Ouro Amarelo - P;5.0;1.0;2.0;PI01132;PI01132;50.0;Nao
gid://shopify/ProductVariant/46390856974631;gid://shopify/ProductVariant/46390856974631;PI01133;P;325.0;650.0;gid://shopify/Product/8582011289895;Pingente Pop Sorriso De Prata Com Ouro Amarelo - P;21.0;1.0;2.0;PI01133;PI01133;50.0;Nao
gid://shopify/ProductVariant/46390857072935;gid://shopify/ProductVariant/46390857072935;PI01134;P;425.0;850.0;gid://shopify/Product/8582011355431;Pingente Pop Coração De Prata Com Ouro Amarelo - P;7.0;1.0;2.0;PI01134;PI01134;50.0;Sim
gid://shopify/ProductVariant/46390858055975;gid://shopify/ProductVariant/46390858055975;PI01136;Default Title;500.0;1000.0;gid://shopify/Product/8582011453735;Pingente Pop De Prata Com Ouro Amarelo;13.0;1.0;2.0;PI01136;PI01136;50.0;Nao
gid://shopify/ProductVariant/46390858350887;gid://shopify/ProductVariant/46390858350887;PI01138;Default Title;325.0;650.0;gid://shopify/Product/8582011519271;Pingente Pop Beijo De Prata Com Ouro Amarelo;2.0;1.0;0.0;PI01138;PI01138;50.0;Nao
gid://shopify/ProductVariant/46390860906791;gid://shopify/ProductVariant/46390860906791;PI01139;Default Title;325.0;650.0;gid://shopify/Product/8582011650343;Pingente Pop óculos De Prata Com Ouro Amarelo;8.0;1.0;0.0;PI01139;PI01139;50.0;Nao
gid://shopify/ProductVariant/46393437225255;gid://shopify/ProductVariant/46393437225255;AN02949-14;14;13600.0;17000.0;gid://shopify/Product/8582654296359;Anel 15 Anos De Ouro Branco 18K Com Ródio Negro E Diamante;69.0;13.0;2.0;AN02949;AN02949;20.0;Sim
gid://shopify/ProductVariant/46393437290791;gid://shopify/ProductVariant/46393437290791;AN02949-16;16;13600.0;17000.0;gid://shopify/Product/8582654296359;Anel 15 Anos De Ouro Branco 18K Com Ródio Negro E Diamante;69.0;13.0;2.0;AN02949;AN02949;20.0;Sim
gid://shopify/ProductVariant/46393437323559;gid://shopify/ProductVariant/46393437323559;AN02949-17;17;13600.0;17000.0;gid://shopify/Product/8582654296359;Anel 15 Anos De Ouro Branco 18K Com Ródio Negro E Diamante;69.0;13.0;2.0;AN02949;AN02949;20.0;Sim
gid://shopify/ProductVariant/46393440207143;gid://shopify/ProductVariant/46393440207143;AN03337-15;15;2240.0;3200.0;gid://shopify/Product/8582654787879;Anel Blossom De Prata Com Ouro Amarelo E Safira;1.0;13.0;3.0;AN03337;AN03337;30.0;Nao
gid://shopify/ProductVariant/46393440633127;gid://shopify/ProductVariant/46393440633127;AN03338-15;15;2170.0;3100.0;gid://shopify/Product/8582654820647;Anel Blossom De Prata Com Ródio Negro E Safira;1.0;13.0;3.0;AN03338;AN03338;30.0;Nao
gid://shopify/ProductVariant/46393441911079;gid://shopify/ProductVariant/46393441911079;AN03342-13;13;980.0;1400.0;gid://shopify/Product/8582654984487;Anel Blossom De Prata Com Ródio Negro E Safira;68.0;13.0;3.0;AN03342;AN03342;30.0;Sim
gid://shopify/ProductVariant/46393442009383;gid://shopify/ProductVariant/46393442009383;AN03342-16;16;980.0;1400.0;gid://shopify/Product/8582654984487;Anel Blossom De Prata Com Ródio Negro E Safira;68.0;13.0;3.0;AN03342;AN03342;30.0;Sim
gid://shopify/ProductVariant/46393498960167;gid://shopify/ProductVariant/46393498960167;AN03444-17;17;32640.0;40800.0;gid://shopify/Product/8582663471399;Anel Rock Star De Ouro Rosa E Branco 18K E Morganita E Diamante;1.0;13.0;1.0;AN03444;AN03444;20.0;Nao
gid://shopify/ProductVariant/46393505382695;gid://shopify/ProductVariant/46393505382695;AN03456-20;20;14400.0;18000.0;gid://shopify/Product/8582664290599;Anel Rock Star De Ouro Branco 18K Com Ródio Negro E Quartzo E Diamante;1.0;13.0;1.0;AN03456;AN03456;20.0;Nao
gid://shopify/ProductVariant/46393507217703;gid://shopify/ProductVariant/46393507217703;AN03398-16;16;6400.0;8000.0;gid://shopify/Product/8582664585511;Anel Rock Star De Ouro Branco 18K Com Ródio Negro E Diamante E Safira;66.0;13.0;2.0;AN03398;AN03398;20.0;Sim
gid://shopify/ProductVariant/46393518358823;gid://shopify/ProductVariant/46393518358823;AN02300-12;12;700.0;1400.0;gid://shopify/Product/8582666191143;Anel Tropical De Prata Com Ródio Negro;1.0;13.0;2.0;AN02300;AN02300;50.0;Nao
gid://shopify/ProductVariant/46393521766695;gid://shopify/ProductVariant/46393521766695;AN03573-17;17;71200.0;89000.0;gid://shopify/Product/8582666977575;Anel Vita Eterna De Ouro Amarelo E Branco 18K E Diamante E Esmeralda;1.0;13.0;2.0;AN03573;AN03573;20.0;Nao
gid://shopify/ProductVariant/46393547718951;gid://shopify/ProductVariant/46393547718951;AN03430-16;16;16400.0;20500.0;gid://shopify/Product/8582669140263;Anel Rock Star De Ouro Branco 18K E Kunzita E Diamante;1.0;13.0;0.0;AN03430;AN03430;20.0;Nao
gid://shopify/ProductVariant/46393549521191;gid://shopify/ProductVariant/46393549521191;AN03472-18;18;14000.0;17500.0;gid://shopify/Product/8582669304103;Anel Rock Star De Ouro Branco 18K E Topázio E Diamante;1.0;13.0;0.0;AN03472;AN03472;20.0;Nao
gid://shopify/ProductVariant/46393552109863;gid://shopify/ProductVariant/46393552109863;AN03515-17;17;16000.0;20000.0;gid://shopify/Product/8582669762855;Anel Rock Star De Ouro Branco 18K E Topázio E Diamante;1.0;13.0;0.0;AN03515;AN03515;20.0;Nao
gid://shopify/ProductVariant/46497109508391;gid://shopify/ProductVariant/46497109508391;BR02031T;Default Title;143200.0;179000.0;gid://shopify/Product/8608939376935;Brinco Eterna Rock De Ouro Branco 18K Com Rodio Negro E Diamante E Esmeralda;1.0;1.0;0.0;BR02031T;BR02031T;20.0;Nao
gid://shopify/ProductVariant/46497109639463;gid://shopify/ProductVariant/46497109639463;BR06231T;Default Title;328000.0;410000.0;gid://shopify/Product/8608939508007;Brinco Eterna Rock De Ouro Branco 18K Com Rodio Negro E Diamante E Rubi;1.0;1.0;0.0;BR06231T;BR06231T;20.0;Nao
gid://shopify/ProductVariant/46497109770535;gid://shopify/ProductVariant/46497109770535;BR06254T;Default Title;79200.0;99000.0;gid://shopify/Product/8608939639079;Brinco Eterna Rock De Ouro Branco 18K Com Rodio Negro E Diamante E Esmeralda;1.0;1.0;0.0;BR06254T;BR06254T;20.0;Nao
gid://shopify/ProductVariant/46497109901607;gid://shopify/ProductVariant/46497109901607;BR06264T;Default Title;32800.0;41000.0;gid://shopify/Product/8608939737383;Brinco Eterna Rock De Ouro Branco 18K Com Rodio Negro E Diamante E Esmeralda;1.0;1.0;0.0;BR06264T;BR06264T;20.0;Nao
gid://shopify/ProductVariant/46497110032679;gid://shopify/ProductVariant/46497110032679;BR06370T;Default Title;138400.0;173000.0;gid://shopify/Product/8608939868455;Brinco Eterna Rock De Ouro Branco 18K Com Rodio Negro E Diamante E Esmeralda;1.0;1.0;0.0;BR06370T;BR06370T;20.0;Nao
gid://shopify/ProductVariant/46497110294823;gid://shopify/ProductVariant/46497110294823;BR06520T;Default Title;88000.0;110000.0;gid://shopify/Product/8608940097831;Brinco Vita Eterna De Ouro Amarelo E Branco 18K E Diamante E Esmeralda;1.0;1.0;0.0;BR06520T;BR06520T;20.0;Nao
gid://shopify/ProductVariant/46497110556967;gid://shopify/ProductVariant/46497110556967;BR06521T;Default Title;56800.0;71000.0;gid://shopify/Product/8608940294439;Brinco Vita Eterna De Ouro Branco 18K E Topázio E Diamante;1.0;1.0;0.0;BR06521T;BR06521T;20.0;Nao
gid://shopify/ProductVariant/46497110688039;gid://shopify/ProductVariant/46497110688039;BR06523T;Default Title;111200.0;139000.0;gid://shopify/Product/8608940458279;Brinco Vita Eterna De Ouro Branco 18K E Diamante E Safira;1.0;1.0;1.0;BR06523T;BR06523T;20.0;Nao
gid://shopify/ProductVariant/46497110950183;gid://shopify/ProductVariant/46497110950183;BR06528T;Default Title;104000.0;130000.0;gid://shopify/Product/8608940622119;Brinco Vita Eterna De Ouro Amarelo E Branco 18K E Diamante E Esmeralda;1.0;1.0;0.0;BR06528T;BR06528T;20.0;Nao
gid://shopify/ProductVariant/46497111245095;gid://shopify/ProductVariant/46497111245095;CL04542;Default Title;13840.0;17300.0;gid://shopify/Product/8608940785959;Colar Eterna Rock De Ouro Branco 18K E Morganita E Diamante;1.0;1.0;0.0;CL04542;CL04542;20.0;Nao
gid://shopify/ProductVariant/46497112228135;gid://shopify/ProductVariant/46497112228135;CL04586;Default Title;21600.0;27000.0;gid://shopify/Product/8608941408551;Colar Eterna Rock De Ouro Branco 18K E Topázio E Diamante;1.0;1.0;0.0;CL04586;CL04586;20.0;Nao
gid://shopify/ProductVariant/46497112490279;gid://shopify/ProductVariant/46497112490279;CL06391;Default Title;26960.0;33700.0;gid://shopify/Product/8608941572391;Colar Eterna Rock De Ouro Branco 18K E Kunzita E Diamante;1.0;1.0;0.0;CL06391;CL06391;20.0;Nao
gid://shopify/ProductVariant/46497112817959;gid://shopify/ProductVariant/46497112817959;CL04608;Default Title;196000.0;245000.0;gid://shopify/Product/8608941768999;Colar Vita Eterna De Ouro Amarelo 18K E Diamante E Esmeralda;1.0;1.0;0.0;CL04608;CL04608;20.0;Nao
gid://shopify/ProductVariant/46497254015271;gid://shopify/ProductVariant/46497254015271;CL04577;Default Title;20000.0;25000.0;gid://shopify/Product/8609017037095;Colar Eterna Rock De Ouro 18K Com Rodio Negro E Tumalina E Diamante;1.0;1.0;0.0;CL04577;CL04577;20.0;Nao
gid://shopify/ProductVariant/46498387951911;gid://shopify/ProductVariant/46498387951911;AN03577-16;16;59000.0;59000.0;gid://shopify/Product/8609688256807;Anel Vita Eterna De Ouro Amarelo E Branco 18K E Diamante E Esmeralda;1.0;13.0;0.0;AN03577;AN03577;20.0;Nao
gid://shopify/ProductVariant/46509320470823;gid://shopify/ProductVariant/46509320470823;AN03454-17;17;11680.0;14600.0;gid://shopify/Product/8612632002855;Anel Rock Star De Ouro Branco 18K Com Rodio Negro E Morganita E Diamante;1.0;13.0;0.0;AN03454;AN03454;20.0;Nao
gid://shopify/ProductVariant/46509323288871;gid://shopify/ProductVariant/46509323288871;AN03473-14;14;11200.0;14000.0;gid://shopify/Product/8612632461607;Anel Rock Star De Ouro 18K Com Rodio Negro E Diamante E Safira;1.0;13.0;0.0;AN03473;AN03473;20.0;Nao
gid://shopify/ProductVariant/46509326532903;gid://shopify/ProductVariant/46509326532903;AN03514-17;17;12000.0;15000.0;gid://shopify/Product/8612632822055;Anel Rock Star De Ouro Branco 18K Com Rodio Negro E Morganita E Diamante;1.0;13.0;0.0;AN03514;AN03514;20.0;Nao
gid://shopify/ProductVariant/46509498892583;gid://shopify/ProductVariant/46509498892583;AN03540-14;14;51200.0;64000.0;gid://shopify/Product/8612659659047;Anel Rock Star De Ouro Branco 18K E Rubelita E Diamante;1.0;13.0;0.0;AN03540;AN03540;20.0;Nao
gid://shopify/ProductVariant/46549948203303;gid://shopify/ProductVariant/46549948203303;PU01874T;G;2030.0;2900.0;gid://shopify/Product/8577927676199;Pulseira JV MAN II De Prata Com Ouro Branco;9.0;2.0;2.0;PU01874T;PU01874T;30.0;Nao
gid://shopify/ProductVariant/46550714188071;gid://shopify/ProductVariant/46550714188071;PU01869T;M;2030.0;2900.0;gid://shopify/Product/8577927053607;Pulseira JV MAN II De Prata Com Ródio Negro;13.0;3.0;2.0;PU01869T;PU01869T;30.0;Nao
gid://shopify/ProductVariant/46550714220839;gid://shopify/ProductVariant/46550714220839;PU01881T;GG;2030.0;2900.0;gid://shopify/Product/8577927053607;Pulseira JV MAN II De Prata Com Ródio Negro;13.0;3.0;2.0;PU01881T;PU01881T;30.0;Nao
gid://shopify/ProductVariant/46551266885927;gid://shopify/ProductVariant/46551266885927;PU01884T;P;1890.0;2700.0;gid://shopify/Product/8577943830823;Pulseira JV MAN II De Prata Com Ródio Negro Fosco;38.0;4.0;1.0;PU01884T;PU01884T;30.0;Nao
gid://shopify/ProductVariant/46551281271079;gid://shopify/ProductVariant/46551281271079;PU01886T;M;1890.0;2700.0;gid://shopify/Product/8577943830823;Pulseira JV MAN II De Prata Com Ródio Negro Fosco;38.0;4.0;1.0;PU01886T;PU01886T;30.0;Nao
gid://shopify/ProductVariant/46551392354599;gid://shopify/ProductVariant/46551392354599;PU01888T;G;1890.0;2700.0;gid://shopify/Product/8577943830823;Pulseira JV MAN II De Prata Com Ródio Negro Fosco;38.0;4.0;1.0;PU01888T;PU01888T;30.0;Nao
gid://shopify/ProductVariant/46551620223271;gid://shopify/ProductVariant/46551620223271;PU01887T;M;1890.0;2700.0;gid://shopify/Product/8577943175463;Pulseira JV MAN II De Prata Com Ouro Branco Fosco;25.0;4.0;1.0;PU01887T;PU01887T;30.0;Nao
gid://shopify/ProductVariant/46551643914535;gid://shopify/ProductVariant/46551643914535;PU01891T;GG;1890.0;2700.0;gid://shopify/Product/8577943175463;Pulseira JV MAN II De Prata Com Ouro Branco Fosco;25.0;4.0;1.0;PU01891T;PU01891T;30.0;Nao
gid://shopify/ProductVariant/46551651156263;gid://shopify/ProductVariant/46551651156263;PU01889T;G;1890.0;2700.0;gid://shopify/Product/8577943175463;Pulseira JV MAN II De Prata Com Ouro Branco Fosco;25.0;4.0;1.0;PU01889T;PU01889T;30.0;Nao
;;;;12608.0;;;;;;;;;;
;;;;2176.0;;;;;;;;;;
;;;;2303.0;;;;;;;;;;
;;;;2752.0;;;;;;;;;;
;;;;1715.0;;;;;;;;;;
;;;;11520.0;;;;;;;;;;
;;;;19840.0;;;;;;;;;;
;;;;140800.0;;;;;;;;;;
;;;;237.5;;;;;;;;;;
;;;;275.0;;;;;;;;;;
;;;;300.0;;;;;;;;;;
;;;;200.0;;;;;;;;;;
;;;;250.0;;;;;;;;;;
;;;;1323.0;;;;;;;;;;
;;;;1421.0;;;;;;;;;;
;;;;1421.0;;;;;;;;;;
;;;;1323.0;;;;;;;;;;
;;;;1323.0;;;;;;;;;;
;;;;1421.0;;;;;;;;;;
;;;;1421.0;;;;;;;;;;
;;;;245.0;;;;;;;;;;
;;;;245.0;;;;;;;;;;
;;;;162.5;;;;;;;;;;
;;;;162.5;;;;;;;;;;
;;;;212.5;;;;;;;;;;
;;;;250.0;;;;;;;;;;
;;;;162.5;;;;;;;;;;
;;;;162.5;;;;;;;;;;
;;;;10880.0;;;;;;;;;;
;;;;10880.0;;;;;;;;;;
;;;;10880.0;;;;;;;;;;
;;;;1568.0;;;;;;;;;;
;;;;1519.0;;;;;;;;;;
;;;;686.0;;;;;;;;;;
;;;;686.0;;;;;;;;;;
;;;;26112.0;;;;;;;;;;
;;;;11520.0;;;;;;;;;;
;;;;5120.0;;;;;;;;;;
;;;;350.0;;;;;;;;;;
;;;;56960.0;;;;;;;;;;
;;;;13120.0;;;;;;;;;;
;;;;11200.0;;;;;;;;;;
;;;;12800.0;;;;;;;;;;
;;;;114560.0;;;;;;;;;;
;;;;262400.0;;;;;;;;;;
;;;;63360.0;;;;;;;;;;
;;;;26240.0;;;;;;;;;;
;;;;110720.0;;;;;;;;;;
;;;;70400.0;;;;;;;;;;
;;;;45440.0;;;;;;;;;;
;;;;88960.0;;;;;;;;;;
;;;;83200.0;;;;;;;;;;
;;;;11072.0;;;;;;;;;;
;;;;17280.0;;;;;;;;;;
;;;;21568.0;;;;;;;;;;
;;;;156800.0;;;;;;;;;;
;;;;16000.0;;;;;;;;;;
;;;;47200.0;;;;;;;;;;
;;;;9344.0;;;;;;;;;;
;;;;8960.0;;;;;;;;;;
;;;;9600.0;;;;;;;;;;
;;;;40960.0;;;;;;;;;;
;;;;1421.0;;;;;;;;;;
;;;;1421.0;;;;;;;;;;
;;;;1421.0;;;;;;;;;;
;;;;1323.0;;;;;;;;;;
;;;;1323.0;;;;;;;;;;
;;;;1323.0;;;;;;;;;;
;;;;1323.0;;;;;;;;;;
;;;;1323.0;;;;;;;;;;
;;;;1323.0;;;;;;;;;;
