Cod_Cliente;Message_Error
CFTH012259;Email has already been taken
CFTH002896;Email has already been taken
CWEB000879;Email has already been taken
CFTH000936;Email has already been taken
CFTH000042;Email has already been taken
CFTH007181;Email has already been taken
CFTH008939;Email has already been taken
CMAT003270;Email has already been taken
CWEB001324;Email has already been taken
CIGU014841;Email has already been taken
CFTH011799;Email has already been taken
CWEB000880;Email has already been taken
CWEB000589;Email has already been taken
CBEL018718;Email has already been taken
CFTH001626;Email has already been taken
CIGU000254;Email has already been taken
CIGU013359;Email has already been taken
CMAT002123;Email has already been taken
CIGU001196;Email has already been taken
CIGU010785;Email has already been taken
CIGU002403;Email has already been taken
CWEB000422;Email has already been taken
CNK 000089;Email has already been taken
CMAT012725;Email has already been taken
CMAT003116;Email has already been taken
CIGL000432;Email has already been taken
CIGU001669;Email has already been taken
CWEB000523;Email has already been taken
CIGU013376;Email has already been taken
CFTH004662;Email has already been taken
CFTH000479;Email has already been taken
CFTH006481;Email has already been taken
CFTH000064;Email has already been taken
CFTH001011;Email has already been taken
CWEB001043;Email has already been taken
CWEB001212;Email has already been taken
CRIB000047;Email has already been taken
CBEL018622;Email has already been taken
CFSM010969;Email has already been taken
CIGU000946;Email has already been taken
CIGU011042;Email has already been taken
CFSM010987;Email has already been taken
CNK 000209;Email has already been taken
CWEB000168;Email has already been taken
CIGU001827;Email has already been taken
CMAT002557;Email has already been taken
CWEB000443;Email has already been taken
CMAT012992;Email has already been taken
CDAS000265;Email has already been taken
CMAT003972;Email has already been taken
CIGU014464;Email has already been taken
CBEL018621;Email has already been taken
CMAT001705;Email has already been taken
CIGU010807;Email has already been taken
CFSM010412;Email has already been taken
CNK 000102;Email has already been taken
CNK 000252;Email has already been taken
CIGL001892;Email has already been taken
CIGU002714;Email has already been taken
CFSM010905;Email has already been taken
CIGU012948;Email has already been taken
CFTH000138;Email has already been taken
CBEL019799;Email has already been taken
CNK 000091;Email has already been taken
CIGU014364;Email has already been taken
CMAT002112;Email has already been taken
CIGU014917;Email has already been taken
CIGL000414;Email has already been taken
CIGU004013;Email has already been taken
CWEB000390;Email has already been taken
CWEB000225;Email has already been taken
CIGU011947;Email has already been taken
CWEB000910;Email has already been taken
CFTH006864;Email has already been taken
CFTH000153;Email has already been taken
CWEB000578;Email has already been taken
CNK 000080;Email has already been taken
CWEB001095;Email has already been taken
CFTH000568;Email has already been taken
CWEB000708;Email has already been taken
CWEB000899;Email has already been taken
CFTH000997;Email has already been taken
CWEB001091;Email has already been taken
CFTH001498;Email has already been taken
CFTH000603;Email has already been taken
CMAT002539;Email has already been taken
CWEB000576;Email has already been taken
CWEB000764;Email has already been taken
CFTH001648;Email has already been taken
PDES000012;Email has already been taken
CFTH001497;Email has already been taken
CWEB000792;Email has already been taken
CNK 000098;Email has already been taken
CFTH001065;Email has already been taken
CFTH002489;Email has already been taken
CFTH000077;Email has already been taken
CWEB000565;Email has already been taken
CMAG000109;Email has already been taken
CFSM010251;Email has already been taken
CMAT003488;Email has already been taken
CWEB000243;Email has already been taken
CWEB000377;Email has already been taken
CWEB000339;Email has already been taken
CMAG000190;Email has already been taken
CMAG000173;Email has already been taken
CWEB000470;Email has already been taken
CBEL005261;Email has already been taken
CBEL019191;Email has already been taken
CWEB000500;Email has already been taken
CMAG000083;Email has already been taken
CIGU010639;Email has already been taken
CIGU011818;Email has already been taken
CIGU011746;Email has already been taken
CMAG000143;Email has already been taken
CMAT001446;Email has already been taken
CBEL005335;Email has already been taken
CBEL005618;Email has already been taken
CWEB000430;Email has already been taken
CBEL005279;Email has already been taken
CBEL005276;Email has already been taken
CMAG000030;Email has already been taken
CWEB000533;Email has already been taken
CIGU000630;Email has already been taken
CWEB000506;Email has already been taken
CWEB000496;Email has already been taken
CMAG000052;Email has already been taken
CMAT003593;Email has already been taken
CMAG000176;Email is invalid
CBEL005405;Email has already been taken
CIGU011388;Email has already been taken
CBEL018845;Email has already been taken
CIGU010012;Email has already been taken
CMAG000119;Email has already been taken
CMAT002937;Email has already been taken
CWEB000487;Email has already been taken
CCUR000598;Email has already been taken
CMAG000126;Email has already been taken
CMAG000107;Email has already been taken
CBEL005469;Email has already been taken
CMAT004016;Email has already been taken
CWEB000461;Email has already been taken
CBEL005468;Email has already been taken
CMAG000006;Email has already been taken
CMAT004018;Email has already been taken
CMAT003873;Email has already been taken
CMAT004302;Email has already been taken
CIGU011465;Email has already been taken
CFSM010616;Email has already been taken
CWEB000508;Email has already been taken
CIGU002246;Email has already been taken
CIGU011326;Email has already been taken
CBEL019038;Email has already been taken
CWEB000547;Email has already been taken
CMAG000088;Email has already been taken
CWEB000416;Email has already been taken
CMAT012815;Email has already been taken
CIGU002854;Email has already been taken
CWEB000521;Email has already been taken
CWEB000007;Email has already been taken
CMAT004198;Email has already been taken
CIGU001201;Email has already been taken
CMAG000161;Email has already been taken
CIGU012040;Email has already been taken
CWEB000466;Email has already been taken
CMAG000131;Email has already been taken
CMAT003950;Email has already been taken
CMAT013127;Email has already been taken
CMAT001822;Email has already been taken
CBEL005280;Email has already been taken
CBEL005278;Email has already been taken
CBEL005493;Email has already been taken
CIGU001734;Email has already been taken
CWEB000558;Email has already been taken
CMAG000057;Email has already been taken
CMAG000153;Email has already been taken
CMAT013155;Email has already been taken
CFSM010786;Email has already been taken
CIGU012454;Email has already been taken
CMAT003737;Email has already been taken
CIGU011517;Email has already been taken
CMAT004017;Email has already been taken
CWEB000502;Email has already been taken
CWEB000446;Email has already been taken
CIGU010165;Email has already been taken
CBEL005081;Email has already been taken
CMAG000170;Email has already been taken
CMAG000108;Email has already been taken
CWEB000238;Enter a valid phone number to use this delivery method
CMAG000152;Email has already been taken
CBAL000022;Email has already been taken
CFTH010093;Email has already been taken
CWEB001409;Email has already been taken
CWEB000334;Email has already been taken
CMAG000123;Email has already been taken
CWEB000559;Email has already been taken
CFTH001842;Email has already been taken
CBEL018602;Email has already been taken
CMAG000013;Email has already been taken
CMAG000151;Email has already been taken
CBEL000055;Email has already been taken
CWEB000842;Email has already been taken
CFTH001060;Email has already been taken
CFTH000015;Email has already been taken
CFTH000019;Email has already been taken
CFTH000336;Email has already been taken
CFFL000076;Email has already been taken
CFTH011797;Email has already been taken
CIGL000301;Email has already been taken
CDES000077;Email has already been taken
CFTH000172;Email has already been taken
CFTH001343;Email has already been taken
CFTH011945;Email has already been taken
CFTH001892;Email has already been taken
CFTH001165;Email has already been taken
CIGL000303;Email has already been taken
CFTH006696;Email has already been taken
CFTH005894;Email has already been taken
CFTH012343;Email has already been taken
CFTH010945;Email has already been taken
CMAG000061;Email has already been taken
CMAG000158;Email has already been taken
CIGU014591;Email has already been taken
CFTH000751;Email has already been taken
CFTH000203;Email has already been taken
CBEL019777;Email has already been taken
CLMA000138;Email has already been taken
CFTH004889;Email has already been taken
CWEB000951;Email has already been taken
CWEB001117;Email has already been taken
PIGU010020;Email has already been taken
CMAG000012;Email has already been taken
CMAG000182;Email has already been taken
CWEB000274;Email has already been taken
CBAT003725;Email has already been taken
CFTH000516;Email has already been taken
CBEL005248;Email has already been taken
CWEB001171;Email has already been taken
CFTH001625;Email has already been taken
CFTH000193;Email has already been taken
CFTH000692;Email has already been taken
CIGU014420;Email has already been taken
CFTH002236;Email has already been taken
CFTH001517;Email has already been taken
CFTH002229;Email has already been taken
CWEB001398;Email has already been taken
CFTH000190;Email has already been taken
CFTH007905;Email has already been taken
CWEB000946;Email has already been taken
CFTH000130;Email has already been taken
CIGU014477;Email has already been taken
CFTH009220;Email has already been taken
CIGU014508;Email has already been taken
CFTH007131;Email has already been taken
CIGU005943;Email has already been taken
CFTH000041;Email has already been taken
CFFL000034;Email has already been taken
CFTH010522;Email has already been taken
CIGU012980;Email has already been taken
CIGU013494;Email has already been taken
CFTH007660;Email has already been taken
CFTH000292;Email has already been taken
CWEB000220;Email has already been taken
CMAT003871;Email has already been taken
CFTH001117;Email has already been taken
CIGU012832;Email has already been taken
CIGL000304;Email has already been taken
CIGU014047;Email has already been taken
CMAT013839;Email has already been taken
CFTH007602;Email has already been taken
CBEL019598;Email has already been taken
CFTH012322;Email has already been taken
CIGU014136;Email has already been taken
CFTH000160;Email has already been taken
CIGU013246;Email has already been taken
CKAS000040;Email has already been taken
CFTH006482;Email has already been taken
CFTH003739;Email has already been taken
CFTH001217;Email has already been taken
CWEB000315;Email has already been taken
CFTH001995;Email has already been taken
CDES000093;Email has already been taken
CMAT013900;Email has already been taken
CFFL000223;Email has already been taken
CMAG000070;Email has already been taken
CFTH000650;Email has already been taken
CIGU014337;Email has already been taken
CFTH009426;Email has already been taken
CWEB000121;Email has already been taken
CWEB001150;Email has already been taken
CMAG000065;Email has already been taken
CFTH006054;Email has already been taken
CIGU010345;Email has already been taken
CIGU000733;Email has already been taken
CFTH000370;Email has already been taken
CMAT013893;Email has already been taken
CIGL000298;Email has already been taken
CFTH000314;Email has already been taken
CFTH001252;Email has already been taken
CWEB001481;Email has already been taken
CWEB001366;Email has already been taken
CIGU012888;Email has already been taken
CFTH011818;Email has already been taken
CFTH000162;Email has already been taken
CFTH006025;Email has already been taken
CMAG000026;Email has already been taken
CMAG000034;Email has already been taken
CFTH012110;Email has already been taken
CWEB001307;Email has already been taken
CMAG000167;Email has already been taken
CFTH001137;Email has already been taken
CFTH006809;Email has already been taken
CFTH011616;Email has already been taken
CBAT003931;Email has already been taken
CIGU015380;Email has already been taken
CFTH001407;Email has already been taken
CMAT000486;Email has already been taken
CMAT013903;Email has already been taken
CFTH001073;Email has already been taken
CBAT003182;Email has already been taken
CFTH000119;Email has already been taken
CFTH000206;Email has already been taken
CFTH000629;Email has already been taken
CFTH000883;Email has already been taken
CIGL000654;Email has already been taken
CIGU012774;Email has already been taken
CIGU001010;Email has already been taken
CFTH006400;Email has already been taken
CFTH010301;Email has already been taken
CFTH009278;Email has already been taken
CFTH001312;Email has already been taken
CFTH005771;Email has already been taken
CFTH000157;Email has already been taken
CBAT003094;Email has already been taken
CFTH000706;Email has already been taken
CFTH011623;Email has already been taken
CFTH001752;Email has already been taken
CMAT013904;Email has already been taken
CIGL000297;Email has already been taken
CFTH000807;Email has already been taken
CFFL000191;Email has already been taken
CLMA000143;Email has already been taken
CWEB001447;Email has already been taken
CIGU014259;Email has already been taken
CFTH011345;Email has already been taken
CFTH001838;Email has already been taken
CFTH001457;Email has already been taken
CMAG000053;Email has already been taken
CMAT013896;Email has already been taken
CDES000544;Email has already been taken
CFTH008593;Email has already been taken
CFTH001397;Email has already been taken
CIGU014482;Email has already been taken
CBEL005040;Email has already been taken
CIGL000299;Email has already been taken
CMAT000445;Email has already been taken
CFTH000775;Email has already been taken
CWEB001384;Email has already been taken
CMAG000155;Email has already been taken
CFTH000533;Email has already been taken
CFTH001808;Email has already been taken
PBEL019686;Email has already been taken
CIGL000415;Email has already been taken
CFTH001347;Email has already been taken
CFTH000170;Email has already been taken
CWEB001328;Email has already been taken
CBAL000011;Email has already been taken
CIGU013208;Email has already been taken
CFTH000254;Email has already been taken
CMAG000054;Email has already been taken
CIGU015216;Email has already been taken
CFTH001140;Email has already been taken
CWEB001243;Email has already been taken
CFTH000544;Email has already been taken
CIGU015028;Email has already been taken
CFTH002331;Email has already been taken
CFTH012369;Email has already been taken
CMAG000105;Email has already been taken
CFTH011821;Email has already been taken
CIGU012566;Email has already been taken
CMAG000002;Email has already been taken
CFTH011659;Email has already been taken
PBAT000854;Email has already been taken
CWEB001408;Email has already been taken
CIGU013650;Email has already been taken
CFTH000996;Email has already been taken
CFTH000214;Email has already been taken
CFTH000221;Email has already been taken
CLMA000178;Email has already been taken
CIGL001524;Email has already been taken
CFTH000949;Email has already been taken
CFTH000504;Email has already been taken
CIGL001370;Email has already been taken
CFTH000386;Email has already been taken
CFTH000761;Email has already been taken
CFFL000173;Email has already been taken
CIGU014255;Email has already been taken
CDES000424;Email has already been taken
CFTH008333;Email has already been taken
CDES000263;Email has already been taken
CMAT013902;Email has already been taken
CWEB000478;Email has already been taken
CIGL000302;Email has already been taken
CFTH008648;Email has already been taken
CFTH001090;Email has already been taken
CFTH010174;Email has already been taken
CFTH011853;Email has already been taken
CWEB000915;Email has already been taken
CFTH009696;Email has already been taken
CFTH000813;Email has already been taken
CIGU015058;Email has already been taken
CFTH000532;Email has already been taken
CFTH001790;Email has already been taken
CFTH001216;Email has already been taken
CWEB001395;Email has already been taken
CFTH006113;Email has already been taken
CWEB000122;Email has already been taken
CMAT012792;Email has already been taken
CFTH000501;Email has already been taken
CMAT003866;Email has already been taken
CMAT013895;Email has already been taken
CFTH001518;Email has already been taken
CMAG000042;Email has already been taken
CFTH000876;Email has already been taken
CWEB001197;Email has already been taken
CMAT013894;Email has already been taken
CFTH000879;Email has already been taken
CIGU012892;Email has already been taken
CIGU014168;Email has already been taken
CIGU012308;Email has already been taken
CIGL000566;Email has already been taken
CFTH001485;Email has already been taken
CMAT013911;Email has already been taken
CMAG000138;Email has already been taken
06.003;Email has already been taken
CIGL000344;Email has already been taken
CFTH001162;Email has already been taken
CFTH000508;Email has already been taken
CWEB001391;Email has already been taken
CFTH001345;Email has already been taken
CWEB001473;Email has already been taken
CIGU015708;Email has already been taken
CWEB001370;Email has already been taken
CIGU014517;Email has already been taken
CFTH000828;Email has already been taken
CFTH011987;Email has already been taken
CFTH000201;Email has already been taken
CFTH006486;Email has already been taken
CMAT013909;Email has already been taken
CMAT013901;Email has already been taken
CFTH000212;Email has already been taken
CFTH002042;Email has already been taken
CFTH000267;Email has already been taken
CFTH000520;Email has already been taken
CFTH000471;Email has already been taken
CFTH009951;Email has already been taken
CDES000102;Email has already been taken
CFTH011675;Email has already been taken
CFTH009844;Email has already been taken
CWEB000784;Email has already been taken
CWEB001373;Email has already been taken
CBAT003433;Email has already been taken
CFTH007398;Email has already been taken
CFTH001431;Email has already been taken
CFTH001168;Email has already been taken
CWEB001465;Email has already been taken
CFTH000349;Email has already been taken
CIGL000300;Email has already been taken
CFTH000171;Email has already been taken
CFTH000011;Email has already been taken
CFTH001059;Email has already been taken
CWEB001198;Email has already been taken
CIGU002035;Email has already been taken
CFTH000799;Email has already been taken
CDES000548;Email has already been taken
CFTH000294;Email has already been taken
CFTH000104;Email has already been taken
CFTH001695;Email has already been taken
CFFL000124;Email has already been taken
CIGU014834;Email has already been taken
CFTH000390;Email has already been taken
CWEB001389;Email has already been taken
CFTH011601;Email has already been taken
CFTH011661;Email has already been taken
CFTH001299;Email has already been taken
CFTH001158;Email has already been taken
CFTH000328;Email has already been taken
CIGU014557;Email has already been taken
CMAT013899;Email has already been taken
CFTH001515;Email has already been taken
CIGU015062;Email has already been taken
CNK 000407;Email has already been taken
CMAT001689;Email has already been taken
CBEL019754;Email has already been taken
CFTH010328;Email has already been taken
CWEB000706;Email has already been taken
CFTH000207;Email has already been taken
CFTH001435;Email has already been taken
CWEB000607;Email has already been taken
CFTH000146;Email has already been taken
CFTH000666;Email has already been taken
CMAG000168;Email has already been taken
CMAG000100;Email has already been taken
CFTH004946;Email has already been taken
CWEB000750;Email has already been taken
CWEB001352;Email has already been taken
CFTH000140;Email has already been taken
CFTH001107;Email has already been taken
CFTH012102;Email has already been taken
CWEB000826;Email has already been taken
CIGU001210;Email has already been taken
CWEB001122;Email has already been taken
CMAG000092;Email has already been taken
CWEB000522;Email has already been taken
CMAG000150;Email has already been taken
CMAG000186;Email has already been taken
CWEB000180;Email has already been taken
CMAT012710;Email has already been taken
CWEB001330;Email has already been taken
CMAG000004;Email has already been taken
CMAG000122;Email has already been taken
CMAT002115;Email has already been taken
CMAG000008;Email has already been taken
CIGU002662;Email has already been taken
CMAG000114;Email has already been taken
CWEB000680;Email has already been taken
CMAG000093;Email has already been taken
CMAG000130;Email has already been taken
CMAT004014;Email has already been taken
CMAG000009;Email has already been taken
CNK 000268;Email has already been taken
CMAT002213;Email has already been taken
CMAG000116;Email has already been taken
CMAG000056;Email has already been taken
CMAT004067;Email has already been taken
CFSM000071;Email has already been taken
CMAG000115;Email has already been taken
CWEB000778;Email has already been taken
CMAG000024;Email has already been taken
CMAG000033;Email has already been taken
CNK 000225;Email has already been taken
CMAG000132;Email has already been taken
CWEB000738;Email has already been taken
CMAT012701;Email has already been taken
CMAG000189;Email has already been taken
CIGU003158;Email has already been taken
CWEB000805;Email has already been taken
CWEB000629;Email has already been taken
CWEB000270;Email has already been taken
CIGU002002;Email has already been taken
CFSM000134;Email has already been taken
CWEB000211;Email has already been taken
CMAT003592;Email has already been taken
CMAG000063;Email has already been taken
CWEB001113;Email has already been taken
CWEB000997;Email has already been taken
CMAG000097;Email has already been taken
CMAG000172;Email has already been taken
CMAG000144;Email has already been taken
CWEB000661;Email has already been taken
CWEB000757;Email has already been taken
CWEB000988;Email has already been taken
CMAG000022;Email has already been taken
CFTH004193;Email has already been taken
CMAG000147;Email has already been taken
CMAT001168;Email has already been taken
CMAT012820;Email has already been taken
CMAT003744;Email has already been taken
CWEB000618;Email has already been taken
CIGU002780;Email has already been taken
CWEB000992;Email has already been taken
CMAG000076;Email has already been taken
CMAT003833;Email has already been taken
CMAT002683;Email has already been taken
CIGU001803;Email has already been taken
CMAG000175;Email has already been taken
CMAG000157;Email has already been taken
CMAG000082;Email has already been taken
CMAT013034;Email has already been taken
CIGU002194;Email has already been taken
CBEL018961;Email has already been taken
CWEB000742;Email has already been taken
CWEB000596;Email has already been taken
CWEB000227;Email has already been taken
CIGU002495;Email has already been taken
CMAG000192;Email has already been taken
CWEB001061;Email has already been taken
CFTH012410;Email has already been taken
CWEB001033;Email has already been taken
CMAT003870;Email has already been taken
CNK 000325;Email has already been taken
CFSM010172;Email has already been taken
CNK 000301;Email has already been taken
CMAG000078;Email has already been taken
CWEB000863;Email has already been taken
CMAT003602;Email has already been taken
CMAG000102;Email has already been taken
CWEB000676;Email has already been taken
CMAG000029;Email has already been taken
CMAG000050;Email has already been taken
CMAT003546;Email has already been taken
CFLO000090;Email has already been taken
CWEB000280;Email has already been taken
CMAG000005;Email has already been taken
CWEB000631;Email has already been taken
CWEB000831;Email has already been taken
CWEB000626;Email has already been taken
CFSM000216;Email has already been taken
CMAT002864;Email has already been taken
CMAT004104;Email has already been taken
CWEB000654;Email has already been taken
CMAG000180;Email has already been taken
CMAT004199;Email has already been taken
CWEB000026;Email has already been taken
CMAG000134;Email has already been taken
CWEB000900;Email has already been taken
CMAG000112;Email has already been taken
CWEB000793;Email has already been taken
CMAG000072;Email has already been taken
CMAG000045;Email has already been taken
CWEB000674;Email has already been taken
CWEB000292;Email has already been taken
CWEB000603;Email has already been taken
CIGU000378;Email has already been taken
CWEB000604;Email has already been taken
CMAG000032;Email has already been taken
CMAG000044;Email has already been taken
CMAG000074;Email has already been taken
CMAT003839;Email has already been taken
CMAT003740;Email has already been taken
CDAS000317;Email has already been taken
CMAT003954;Email has already been taken
CWEB000836;Email has already been taken
CMAG000051;Email has already been taken
CWEB000718;Email has already been taken
CMAG000049;Email has already been taken
CWEB000203;Email has already been taken
CMAT012646;Email has already been taken
CIGU000842;Email has already been taken
CIGU002681;Email has already been taken
CMAT003673;Email has already been taken
CIGU002991;Email has already been taken
CMAG000068;Email has already been taken
CWEB000682;Email has already been taken
CWEB000772;Email has already been taken
CMAG000015;Email has already been taken
CWEB000059;Email has already been taken
CWEB000731;Email has already been taken
CIGU003199;Email has already been taken
CWEB000403;Email has already been taken
CWEB000919;Email has already been taken
CMAG000166;Email has already been taken
CMAG000084;Email has already been taken
CIGU000381;Email has already been taken
CWEB000901;Email has already been taken
CWEB000957;Email has already been taken
CMAT012809;Email has already been taken
CWEB000641;Email has already been taken
CWEB000961;Email has already been taken
CWEB001128;Email has already been taken
CMAT004197;Email has already been taken
CMAG000091;Email has already been taken
CMAT012827;Email has already been taken
CMAG000133;Email has already been taken
CMAG000160;Email has already been taken
CMAG000142;Email has already been taken
CMAG000098;Email has already been taken
CWEB000853;Email has already been taken
CWEB000752;Email has already been taken
CMAG000185;Email has already been taken
CWEB000605;Email has already been taken
CWEB000737;Email has already been taken
CMAG000110;Email has already been taken
CFSM000196;Email has already been taken
CIGU001193;Email has already been taken
CMAG000169;Email has already been taken
CMAG000187;Email has already been taken
CMAG000018;Email has already been taken
CMAG000087;Email has already been taken
CIGU001691;Email has already been taken
CFSM000330;Email has already been taken
CBEL019086;Email has already been taken
CNK 000332;Email has already been taken
CIGU010525;Email has already been taken
CNK 000162;Email has already been taken
CIGU014588;Email has already been taken
CIGU011239;Email has already been taken
CNK 000381;Email has already been taken
CFLO000234;Email has already been taken
CFSM010233;Email has already been taken
CWEB000769;Email has already been taken
CMAT004144;Email has already been taken
CBEL005296;Email has already been taken
CWEB000556;Email has already been taken
CFSM000493;Email has already been taken
CFSM010396;Email has already been taken
CBEL019043;Email has already been taken
CMAT002816;Email has already been taken
CIGU013441;Email has already been taken
CIGL000449;Email has already been taken
CFTH002747;Email has already been taken
CFTH011721;Email has already been taken
CFTH011781;Email has already been taken
CFTH001108;Email has already been taken
CFTH011763;Email has already been taken
CIGU003859;Email has already been taken
CFTH001702;Email has already been taken
CFFL000109;Email has already been taken
CIGU003062;Email has already been taken
CIGL001557;Email has already been taken
CIGL000079;Email has already been taken
CIGU001333;Email has already been taken
CBEL018784;Email has already been taken
CBEL019087;Email has already been taken
CFSM000067;Email has already been taken
CBEL019085;Email has already been taken
CIGU013050;Email has already been taken
CBEL019088;Email has already been taken
CIGU010484;Email has already been taken
CWEB000571;Email has already been taken
CBEL019084;Email has already been taken
CFSM000981;Email has already been taken
CBEL018858;Email has already been taken
CNK 000137;Email has already been taken
CBEL018729;Email has already been taken
CIGU013406;Email has already been taken
CFTH001253;Email has already been taken
CWEB000286;Email has already been taken
CMAT012764;Email has already been taken
CWEB000460;Email has already been taken
CFTH000343;Email has already been taken
CFTH000362;Email has already been taken
CFTH001326;Email has already been taken
CFTH001417;Email has already been taken
CFTH010382;Email has already been taken
CFTH008942;Email has already been taken
CFTH000068;Email has already been taken
CFTH001819;Email has already been taken
CFTH001818;Email has already been taken
CWEB000367;Email has already been taken
CIGU013548;Email has already been taken
CIGU003078;Email has already been taken
CMAT003914;Email has already been taken
CMAT012766;Email has already been taken
CFTH001109;Email has already been taken
CFTH011695;Email has already been taken
CFTH001713;Email has already been taken
CFTH005511;Email has already been taken
CFTH002086;Email has already been taken
CFTH001082;Email has already been taken
CFTH001826;Email has already been taken
CFTH000363;Email has already been taken
CBEL005321;Email has already been taken
CFFL000559;Email has already been taken
CWEB000536;Email has already been taken
CBEL019324;Email has already been taken
CBEL018579;Email has already been taken
CFFL000007;Email has already been taken
CWEB000251;Email has already been taken
CIGU010523;Email has already been taken
CIGU011075;Email has already been taken
CIGU000311;Email has already been taken
CFTH012277;Email has already been taken
CFTH000385;Email has already been taken
CBEL018581;Email has already been taken
CBEL018573;Email has already been taken
CBEL019249;Email has already been taken
CIGU015222;Email has already been taken
CIGU014721;Email has already been taken
CIGU002948;Email has already been taken
CBAT003651;Email has already been taken
CIGU000458;Email has already been taken
CWEB000196;Email has already been taken
CIGU002725;Email has already been taken
CWEB000249;Email has already been taken
CLMA000014;Email has already been taken
CIGU001751;Email has already been taken
CIGU011659;Email has already been taken
CIGU003735;Email has already been taken
CIGU014856;Email has already been taken
CBEL005316;Email has already been taken
CBEL005317;Email has already been taken
CWEB001266;Email has already been taken
CFTH000837;Email has already been taken
CFTH001391;Email has already been taken
CFTH008182;Email has already been taken
CFTH000323;Email has already been taken
CWEB001070;Email has already been taken
CWEB000975;Email has already been taken
CWEB001164;Email has already been taken
CWEB001463;Email has already been taken
CWEB000433;Email has already been taken
CFTH012275;Email has already been taken
CFTH004845;Email has already been taken
CIGU001080;Email has already been taken
CNK 000049;Email has already been taken
CWEB000250;Email has already been taken
CFTH011783;Email has already been taken
CIGU013153;Email has already been taken
CIGU011658;Email has already been taken
CFSM000040;Email has already been taken
CMAT013682;Email has already been taken
CBEL018574;Email has already been taken
CWEB000003;Email has already been taken
CBEL000031;Email has already been taken
CIGU013184;Email has already been taken
CMAT012650;Email has already been taken
CIGU011657;Email has already been taken
CIGU000512;Email has already been taken
CIGU011660;Email has already been taken
CIGU011299;Email has already been taken
CBEL019168;Email has already been taken
CWEB000371;Email has already been taken
CIGU011668;Email has already been taken
CIGU001351;Email has already been taken
CDAS000314;Email has already been taken
CWEB000326;Email has already been taken
CBEL018580;Email has already been taken
CIGU015453;Email has already been taken
CIGU012609;Email has already been taken
CIGL001039;Email has already been taken
CIGU010717;Email has already been taken
CIGU013250;Email has already been taken
CIGU003916;Email has already been taken
CIGL001067;Email has already been taken
CWEB000554;Email has already been taken
CBEL005319;Email has already been taken
CWEB000445;Email has already been taken
CIGU014768;Email has already been taken
CCUR000473;Email has already been taken
CFFL000224;Email has already been taken
CIGU011469;Email has already been taken
CBEL019627;Email has already been taken
CIGU011150;Email has already been taken
CMAT003022;Email has already been taken
CIGU011669;Email has already been taken
CIGU010821;Email has already been taken
CMAT013875;Email has already been taken
CBEL019341;Email has already been taken
CWEB000271;Email has already been taken
CWEB000418;Email has already been taken
CMAG000021;Email has already been taken
CBEL018588;Email has already been taken
CNK 000116;Email has already been taken
CCUR000514;Email has already been taken
CNK 000279;Email has already been taken
CMAT002850;Email has already been taken
CBEL018575;Email has already been taken
CFTH002000;Email has already been taken
CWEB000073;Email has already been taken
CIGU014510;Email has already been taken
CFTH012150;Email has already been taken
CFFL000908;Email has already been taken
CIGU015034;Email has already been taken
CIGU011663;Email has already been taken
CIGU011678;Email has already been taken
CFTH011953;Email has already been taken
CIGU003128;Email has already been taken
CWEB000362;Email has already been taken
CIGU015582;Email has already been taken
CIGU011667;Email has already been taken
CWEB000532;Email has already been taken
CIGU011292;Email has already been taken
CBEL018583;Email has already been taken
CIGU015793;Email has already been taken
CBEL018576;Email has already been taken
CIGU003036;Email has already been taken
CIGU002085;Email has already been taken
CWEB000303;Email has already been taken
CFSM000360;Email has already been taken
CBEL018940;Email has already been taken
CMAT013889;Email has already been taken
CIGU010041;Email has already been taken
CBEL005318;Email has already been taken
CIGU015447;Email has already been taken
CCUR000307;Email has already been taken
CIGU011237;Email has already been taken
CBEL005003;Email has already been taken
CMAG000181;Email has already been taken
CIGU011662;Email has already been taken
CWEB000459;Email has already been taken
CFSM000148;Email has already been taken
CFTH001679;Email has already been taken
CIGU002088;Email has already been taken
CFTH002430;Email has already been taken
CFTH000648;Email has already been taken
CWEB001153;Email has already been taken
CWEB001039;Email has already been taken
CWEB000908;Email has already been taken
CFTH011232;Email has already been taken
CWEB001163;Email has already been taken
CFTH012212;Email has already been taken
CFTH000769;Email has already been taken
CFTH012397;Email has already been taken
CFTH002617;Email has already been taken
CIGU004099;Email has already been taken
CFTH011385;Email has already been taken
CBEL018577;Email has already been taken
CFFL000199;Email has already been taken
CFTH001142;Email has already been taken
CFTH011563;Email has already been taken
CFTH001629;Email has already been taken
CFTH006017;Email has already been taken
CIGU010223;Email has already been taken
CFTH000158;Email has already been taken
CFTH007235;Email has already been taken
CBEL018578;Email has already been taken
CFTH000124;Email has already been taken
CIGU010084;Email has already been taken
CFTH000033;Email has already been taken
CWEB000420;Email has already been taken
CWEB000889;Email has already been taken
CWEB001460;Email has already been taken
CFSM010748;Email has already been taken
CFTH001324;Email has already been taken
CFTH000147;Email has already been taken
CIGL000238;Email has already been taken
CFTH005893;Email has already been taken
CIGU013192;Email has already been taken
CWEB000968;Email has already been taken
CBEL005322;Email has already been taken
CWEB001123;Email has already been taken
CFTH001274;Email has already been taken
CFTH001111;Email has already been taken
CFTH000969;Email has already been taken
CWEB001024;Email has already been taken
CFTH001579;Email has already been taken
CWEB000623;Email has already been taken
CWEB001358;Email has already been taken
CFTH011710;Email has already been taken
CFTH001678;Email has already been taken
CFTH000396;Email has already been taken
CFTH000228;Email has already been taken
CBEL005225;Email has already been taken
CFTH001462;Email has already been taken
CFTH000884;Email has already been taken
CFTH006768;Email has already been taken
CFSM010665;Email has already been taken
CWEB000531;Email has already been taken
CFTH000118;Email has already been taken
CMAT012818;Email has already been taken
CIGU011606;Email has already been taken
CMAT003524;Email has already been taken
CIGU011607;Email has already been taken
CIGU002625;Email has already been taken
CIGU012328;Email has already been taken
CIGU012614;Email has already been taken
CIGU011608;Email has already been taken
CFSM010535;Email has already been taken
CIGU011605;Email has already been taken
CIGU001326;Email has already been taken
CIGU011602;Email has already been taken
CIGU011964;Email has already been taken
CFTH002204;Email has already been taken
CFTH000375;Email has already been taken
CFTH001673;Email has already been taken
CIGU002567;Email has already been taken
CIGU001005;Email has already been taken
CIGU013931;Email has already been taken
CFSM010306;Email has already been taken
CIGU001076;Email has already been taken
CNK 000201;Email has already been taken
CCUR000497;Email has already been taken
CMAT001993;Email has already been taken
CIGU010847;Email has already been taken
CWEB000563;Email has already been taken
CWEB000484;Email has already been taken
CIGU010462;Email has already been taken
CIGU012327;Email has already been taken
CIGU013426;Email has already been taken
CIGU000549;Email has already been taken
CIGU013858;Email has already been taken
CWEB001441;Email has already been taken
CBAT003482;Email has already been taken
CMAT004301;Email has already been taken
CIGU011604;Email has already been taken
CNK 000030;Email has already been taken
CMAT002563;Email has already been taken
CMAT001478;Email has already been taken
CIGU012326;Email has already been taken
CIGU012069;Email has already been taken
CDES000704;Email has already been taken
CIGU011610;Email has already been taken
CFTH011868;Email has already been taken
CIGU011609;Email has already been taken
CWEB001135;Email has already been taken
CFTH000246;Email has already been taken
CIGU011221;Email has already been taken
CWEB000830;Email has already been taken
CWEB001273;Email has already been taken
CFTH012048;Email has already been taken
CIGU010727;Email has already been taken
CFTH000107;Email has already been taken
CWEB000704;Email has already been taken
CWEB000635;Email has already been taken
CFTH009004;Email has already been taken
CWEB000006;Email has already been taken
CWEB000593;Email has already been taken
CFSM000159;Email has already been taken
CIGL001438;Email has already been taken
CFTH002518;Email has already been taken
CFFL000143;Email has already been taken
CMAT001484;Email has already been taken
CMAT000641;Email has already been taken
CIGU015606;Email has already been taken
CIGL000266;Email has already been taken
CMAT001475;Email has already been taken
CBEL005084;Email has already been taken
CBEL005585;Email has already been taken
CIGU012592;Email has already been taken
CRIB000052;Email has already been taken
CWEB000082;Email has already been taken
CFTH000240;Email has already been taken
CWEB000714;Email has already been taken
CFTH011978;Email has already been taken
CFTH001810;Email has already been taken
CIGU010204;Email has already been taken
CWEB001190;Email has already been taken
CFTH011787;Email has already been taken
CIGU010005;Email has already been taken
CFTH001740;Email has already been taken
CFSM011155;Email has already been taken
CFTH001322;Email has already been taken
CWEB000304;Email has already been taken
CFTH000051;Email has already been taken
CWEB000535;Email has already been taken
CFTH010020;Email has already been taken
CFTH001574;Email has already been taken
CBEL019198;Email has already been taken
CFTH009007;Email has already been taken
CWEB001037;Email has already been taken
CIGU011516;Email has already been taken
CFSM010913;Email has already been taken
CFSM000960;Email has already been taken
CWEB000071;Email has already been taken
CNK 000265;Email has already been taken
CNK 000194;Email has already been taken
CIGU011859;Email has already been taken
CIGU013985;Email has already been taken
CRIB000078;Email has already been taken
CIGU000744;Email has already been taken
CWEB000574;Email has already been taken
CFTH000287;Email has already been taken
CDAS000093;Email has already been taken
CLMA000015;Email has already been taken
CIGU014853;Email has already been taken
CNK 000390;Email has already been taken
CLMA000183;Email has already been taken
CWEB001172;Email has already been taken
CWEB000386;Email has already been taken
CFFL000009;Email has already been taken
CIGU012908;Email has already been taken
CMAT002743;Email has already been taken
CFTH003038;Email has already been taken
CBEL005113;Email has already been taken
CRIB000088;Email has already been taken
CIGU002290;Email has already been taken
CBEL005499;Email has already been taken
CNK 000361;Email has already been taken
CFSM010280;Email has already been taken
CIGU001371;Email has already been taken
CBEL019312;Email has already been taken
CIGU012486;Email has already been taken
CIGU002612;Email has already been taken
CMAT003600;Email has already been taken
CWEB001458;Email has already been taken
CFTH001393;Email has already been taken
CDAS000270;Email has already been taken
CWEB001031;Email has already been taken
CWEB000817;Email has already been taken
CFTH012053;Email has already been taken
CWEB000916;Email has already been taken
CWEB000859;Email has already been taken
CWEB001207;Email has already been taken
CFTH000461;Email has already been taken
CFTH012336;Email has already been taken
CIGU002770;Email has already been taken
CIGU011424;Email has already been taken
CWEB001133;Email has already been taken
CFTH001395;Email has already been taken
CIGU011721;Email has already been taken
CFTH011917;Email has already been taken
CFTH000540;Email has already been taken
CWEB001234;Email has already been taken
CFTH002250;Email has already been taken
CFTH000191;Email has already been taken
CFTH001219;Email has already been taken
CWEB001188;Email has already been taken
CFTH000244;Email has already been taken
CFTH000334;Email has already been taken
CIGU002611;Email has already been taken
CWEB001246;Email has already been taken
CBEL019815;Email has already been taken
CFTH012337;Email has already been taken
CWEB000372;Email has already been taken
CFTH012197;Email has already been taken
CFTH000115;Email has already been taken
CWEB000932;Email has already been taken
CFTH000573;Email has already been taken
CWEB001308;Email has already been taken
CFTH000530;Email has already been taken
CWEB001227;Email has already been taken
CFTH000472;Email has already been taken
CWEB000524;Email has already been taken
CWEB001436;Email has already been taken
CMAT003938;Email has already been taken
CWEB001466;Email has already been taken
CFTH000899;Email has already been taken
CWEB001429;Email has already been taken
CWEB001226;Email has already been taken
CFTH000467;Email has already been taken
CWEB000313;Email has already been taken
CFTH000551;Email has already been taken
CDES000468;Email has already been taken
CWEB000904;Email has already been taken
CIGU013106;Email has already been taken
CIGL001849;Email has already been taken
CIGU014006;Email has already been taken
CWEB000645;Email has already been taken
CWEB000907;Email has already been taken
CFTH001030;Email has already been taken
CWEB001158;Email has already been taken
CWEB000548;Email has already been taken
CBEL019083;Email has already been taken
CLMA000012;Email has already been taken
CFTH001428;Email has already been taken
CWEB000260;Email has already been taken
CIGL001191;Email has already been taken
CIGU002005;Email has already been taken
CBEL019169;Email has already been taken
CIGU014186;Email has already been taken
CMAT002544;Email has already been taken
CFTH001840;Email has already been taken
CIGU002628;Email has already been taken
CIGU000557;Email has already been taken
CDAS000203;Email has already been taken
CMAT003700;Email has already been taken
CMAT002950;Email has already been taken
CIGU013131;Email has already been taken
CMAT001508;Email has already been taken
CMAT003220;Email has already been taken
CNK 000231;Email has already been taken
CIGU002692;Email has already been taken
CIGU000730;Email has already been taken
CWEB000127;Email has already been taken
CFSM000028;Email has already been taken
CIGU000403;Email has already been taken
CMAT003754;Email has already been taken
CFTH011537;Email has already been taken
CMAG000141;Email has already been taken
CFTH006629;Email has already been taken
CIGU015125;Email has already been taken
CWEB000455;Email has already been taken
CBEL018878;Email has already been taken
CIGU015598;Email has already been taken
CIGL001174;Email has already been taken
CMAT002603;Email has already been taken
CWEB001054;Email has already been taken
CWEB000395;Email has already been taken
CFTH001501;Email has already been taken
CFSM010532;Email has already been taken
CIGU002399;Email has already been taken
CIGU012319;Email has already been taken
CFSM010876;Email has already been taken
CFSM000974;Email has already been taken
CWEB000192;Email has already been taken
CFTH001479;Email has already been taken
CIGU014354;Email has already been taken
CLMA000011;Email has already been taken
CFSM010159;Email has already been taken
CIGU014110;Email has already been taken
CBEL019499;Email has already been taken
CIGL001176;Email has already been taken
CIGU015658;Email has already been taken
CMAG000140;Email has already been taken
CIGU015359;Email has already been taken
CFSM010448;Email has already been taken
CIGU011944;Email has already been taken
CNK 000344;Email has already been taken
CIGU011134;Email has already been taken
CMAT003576;Email has already been taken
CMAT002477;Email has already been taken
CIGU002024;Email has already been taken
CFSM011117;Email has already been taken
CFSM011118;Email has already been taken
CLMA000111;Email has already been taken
CLMA000082;Email has already been taken
CIGU000263;Email has already been taken
CBEL018592;Email has already been taken
CBEL005617;Email has already been taken
CMAT002935;Email has already been taken
CIGU013492;Email has already been taken
CBEL019476;Email has already been taken
CMAT001404;Email has already been taken
CFTH000168;Email has already been taken
CBEL018668;Email has already been taken
CMAT003440;Email has already been taken
CWEB000479;Email has already been taken
CMAT002828;Email has already been taken
CIGU015653;Email has already been taken
CIGU013199;Email has already been taken
CMAT002720;Email has already been taken
CNK 000180;Email has already been taken
CIGU002471;Email has already been taken
CIGU002442;Email has already been taken
CIGU015177;Email has already been taken
CFSM010746;Email has already been taken
CMAT000361;Email has already been taken
CIGU015326;Email has already been taken
CIGL000946;Email has already been taken
CDES000044;Email has already been taken
CIGU010666;Email has already been taken
CDAS000284;Email has already been taken
CIGL001107;Email has already been taken
CIGL002027;Email has already been taken
CMAT003893;Email has already been taken
CIGU013431;Email has already been taken
CIGU012828;Email has already been taken
CMAT013027;Email has already been taken
CFFL000141;Email has already been taken
PBEL019697;Email has already been taken
CLMA000013;Email has already been taken
CWEB000312;Email has already been taken
CIGL000031;Email has already been taken
CBEL000022;Email has already been taken
CIGL000510;Email has already been taken
CMAT003785;Email has already been taken
CDAS000140;Email has already been taken
CFSM010382;Email has already been taken
CWEB000323;Email has already been taken
CMAT012720;Email has already been taken
CIGU002133;Email has already been taken
CIGU011246;Email has already been taken
CIGU000660;Email has already been taken
CIGU010746;Email has already been taken
CWEB000458;Email is invalid
CMAT001252;Email has already been taken
CFSM000313;Email has already been taken
CIGU001736;Email has already been taken
CIGL000509;Email has already been taken
CMAT013074;Email has already been taken
CNK 000402;Email has already been taken
CWEB000384;Email has already been taken
PIGU001633;Email has already been taken
CNK 000038;Email has already been taken
CIGU013351;Email has already been taken
CWEB000494;Email has already been taken
CBEL005464;Email has already been taken
CWEB000534;Email has already been taken
CFSM011050;Email has already been taken
CMAT000526;Email has already been taken
CMAT000891;Email has already been taken
CIGU000491;Email has already been taken
CWEB000483;Email has already been taken
CMAT001779;Email has already been taken
CIGU000658;Email has already been taken
CIGU001825;Email has already been taken
CWEB001161;Email has already been taken
CIGL000249;Email has already been taken
CMAG000020;Email has already been taken
CMAT003904;Email has already been taken
CDES000637;Email has already been taken
CFTH012086;Email has already been taken
CWEB000510;Email has already been taken
CFSM010814;Email has already been taken
CFSM010180;Email has already been taken
CIGU010964;Email has already been taken
CIGU002976;Email has already been taken
CMAT013986;Email has already been taken
CIGU002527;Email has already been taken
CIGU010653;Email has already been taken
CMAT001153;Email has already been taken
CFTH008968;Email has already been taken
CFSM011164;Email has already been taken
CIGU010077;Email has already been taken
CIGU011041;Email has already been taken
CFTH000474;Email has already been taken
CWEB000319;Email has already been taken
CMAT012703;Email has already been taken
CIGL001733;Email has already been taken
CBAT003016;Email has already been taken
CFSM010920;Email has already been taken
CMAT002315;Email has already been taken
CMAT003249;Email has already been taken
CFTH010312;Email has already been taken
CBEL019071;Email has already been taken
CMAT003742;Email has already been taken
CMAT002322;Email has already been taken
CDES000299;Email has already been taken
CIGU002040;Email has already been taken
CIGU012744;Email has already been taken
CIGU001965;Email has already been taken
CBEL019630;Email has already been taken
CIGL000239;Email has already been taken
CFSM000218;Email has already been taken
CWEB001055;Email has already been taken
CIGU002443;Email has already been taken
CWEB001183;Email has already been taken
CWEB000364;Email has already been taken
CMAT002954;Email has already been taken
CFLO000198;Email has already been taken
CIGU002182;Email has already been taken
CBEL019506;Email has already been taken
CMAT002734;Email has already been taken
CBAT003375;Email has already been taken
CWEB000965;Email has already been taken
CBAT003902;Email has already been taken
CFSM000179;Email has already been taken
CMAT002910;Email has already been taken
CIGU002863;Email has already been taken
CDES000034;Enter a valid phone number to use this delivery method
CFSM010482;Email has already been taken
CIGU012978;Email has already been taken
CWEB000572;Email has already been taken
CNK 000161;Email has already been taken
CMAT013724;Email has already been taken
CIGL000133;Email is invalid
CIGU001559;Email has already been taken
CIGU002352;Email has already been taken
PIGU001583;Email has already been taken
CIGL000623;Email has already been taken
CMAT000047;Enter a valid phone number to use this delivery method
CMAT003880;Email has already been taken
CMAT013222;Email has already been taken
CIGU004051;Email has already been taken
CWEB001437;Email has already been taken
CIGL000418;Enter a valid phone number to use this delivery method
CDAS000332;Email is invalid
CIGU000888;Email has already been taken
CMAT003308;Email has already been taken
CFTH012088;Enter a valid phone number to use this delivery method
CFTH001710;Email has already been taken
CFTH000831;Email has already been taken
CIGU012214;Email has already been taken
CIGU001686;Email has already been taken
PIGU001232;Email has already been taken
CIGU014607;Email has already been taken
CIGU012544;Email has already been taken
CMAT001959;Email has already been taken
CFTH005698;Email has already been taken
CIGU011347;Email has already been taken
CMAT002945;Email has already been taken
CMAT002249;Email has already been taken
