Sku;activate
BR04014T;1.0
BR04127T;1.0
BR04027T;1.0
BR04355T;1.0
BR05117T;1.0
CL04023;1.0
CL04025;1.0
CL04022;1.0
CL04024;1.0
BR05813T;1.0
BR05812T;1.0
BR06282T;1.0
BR06283T;1.0
CL04551;1.0
BR05931T;1.0
BR05938T;1.0
BR05932T;1.0
BR05933T;1.0
BR05937T;1.0
BR04476T;1.0
BR06373T;1.0
BR06375T;1.0
BR06377T;1.0
BR06379T;1.0
BR06380T;1.0
BR06381T;1.0
BR06387T;1.0
BR06299T;1.0
BR06301T;1.0
BR06302T;1.0
BR06372T;1.0
BR06374T;1.0
BR06376T;1.0
BR06378T;1.0
BR06388T;1.0
PI01465;1.0
BR05398T;1.0
BR05400T;1.0
BR05404T;1.0
BR05407T;1.0
BR05411T;1.0
BR05602T;1.0
BR05399T;1.0
BR05405T;1.0
BR05408T;1.0
BR05412T;1.0
CL04178;1.0
CL04182;1.0
CL04179;1.0
BR05606T;1.0
PU01791T;1.0
PU01805T;1.0
PU01792T;1.0
PU01806T;1.0
BR05581T;1.0
BR05603T;1.0
BR05580T;1.0
BR05604T;1.0
BR05777T;1.0
BR05778T;1.0
BR05779T;1.0
CL01443;1.0
CL01450;1.0
CL01442;1.0
CL01447;1.0
CL01449;1.0
CL01451;1.0
CL03641;1.0
CL03642;1.0
CL03643;1.0
CL03645;1.0
CL01438;1.0
CL01446;1.0
CL01448;1.0
CL01452;1.0
BR05643T;1.0
BR05649T;1.0
BR05642T;1.0
BR05650T;1.0
CL04288;1.0
CL04279;1.0
BR02400T;1.0
BR02108T;1.0
BR02120T;1.0
BR02148T;1.0
CL01000;1.0
CL01042;1.0
CL01100;1.0
CL00999;1.0
CL00016;1.0
CO01314;1.0
CO01318;1.0
CO01312;1.0
CO01316;1.0
CO00023;1.0
CO01277;1.0
CO01315;1.0
CO01313;1.0
CO01317;1.0
BR02212T;1.0
BR03167T;1.0
BR03682T;1.0
BR02192T;1.0
PU01082T;1.0
PU01936T;1.0
PU01278T;1.0
PU01293T;1.0
PU01314T;1.0
PU01081T;1.0
PU01422T;1.0
PU01074T;1.0
PU01552T;1.0
BR04856T;1.0
BR04857T;1.0
BR05616T;1.0
BR05879T;1.0
BR06472T;1.0
BR06513T;1.0
BR04220T;1.0
BR04221T;1.0
BR04223T;1.0
BR06298T;1.0
PU02059T;1.0
BR05881T;1.0
BR03449T;1.0
BR05301T;1.0
BR06039T;1.0
BR06040T;1.0
BR06041T;1.0
BR06042T;1.0
BR06111T;1.0
CL04318;1.0
CL04441;1.0
CL04442;1.0
CL04443;1.0
CL04328;1.0
BR06473T;1.0
BR06258T;1.0
CL06397;1.0
BR06392T;1.0
BR03582T;1.0
BR02064T;1.0
BR02005T;1.0
CL00331;1.0
CO0866;1.0
CL00098;1.0
CL00730;1.0
CL00332;1.0
CO0857;1.0
CL00330;1.0
PU01335T;1.0
PU01336T;1.0
PU01333T;1.0
PU01334T;1.0
BR04304T;1.0
BR04305T;1.0
CL01285;1.0
CL01286;1.0
PI01064;1.0
PI01065;1.0
PI01066;1.0
PI01067;1.0
PI01062;1.0
PI01063;1.0
BR05791T;1.0
BR06120T;1.0
BR06121T;1.0
BR06122T;1.0
CL04480;1.0
BR04822T;1.0
BR04824T;1.0
BR04833T;1.0
BR04845T;1.0
BR04849T;1.0
BR04820T;1.0
BR04847T;1.0
BR04850T;1.0
BR04852T;1.0
CL03693;1.0
CL03714;1.0
CL03783;1.0
CL03712;1.0
CL03716;1.0
CL03785;1.0
BR05260T;1.0
BR05269T;1.0
BR05271T;1.0
BR05254T;1.0
BR05257T;1.0
BR05258T;1.0
BR05262T;1.0
BR05268T;1.0
BR05272T;1.0
BR05392T;1.0
BR05240T;1.0
BR05249T;1.0
BR05256T;1.0
BR05259T;1.0
BR05261T;1.0
BR05264T;1.0
BR05267T;1.0
BR05281T;1.0
BR05280T;1.0
BR05283T;1.0
BR05300T;1.0
BR05279T;1.0
BR05282T;1.0
BR05299T;1.0
PU01768T;1.0
PU01767T;1.0
BR04415T;1.0
BR04382T;1.0
BR04385T;1.0
BR04381T;1.0
BR04384T;1.0
CL01318;1.0
PU01661T;1.0
PU01662T;1.0
PU01655T;1.0
BR05443T;1.0
BR05444T;1.0
BR05449T;1.0
BR05451T;1.0
BR05453T;1.0
BR05448T;1.0
BR05450T;1.0
BR05452T;1.0
CL04197;1.0
CL04199;1.0
CL04198;1.0
PU01808T;1.0
CL04575;1.0
BR03453T;1.0
BR02140T;1.0
BR01992T;1.0
CL01040;1.0
CL00737;1.0
CO0993;1.0
BR05031T;1.0
BR05033T;1.0
CL03879;1.0
BR06522T;1.0
BR06452T;1.0
BR06454T;1.0
BR04907T;1.0
BR04908T;1.0
BR04910T;1.0
BR04911T;1.0
BR04914T;1.0
BR04915T;1.0
BR04917T;1.0
BR04918T;1.0
BR04924T;1.0
BR04925T;1.0
BR04913T;1.0
BR04916T;1.0
BR04922T;1.0
BR04923T;1.0
CL03837;1.0
CL03838;1.0
CL03832;1.0
BR04920T;1.0
PU01704T;1.0
PU01705T;1.0
BR03065T;1.0
BR03066T;1.0
BR03067T;1.0
BR03071T;1.0
BR03110T;1.0
BR03150T;1.0
BR05002T;1.0
BR03063T;1.0
BR03070T;1.0
BR04906T;1.0
BR05598T;1.0
BR05599T;1.0
CL04260;1.0
BR06049T;1.0
BR06050T;1.0
BR06051T;1.0
BR06053T;1.0
BR06054T;1.0
BR06062T;1.0
BR06063T;1.0
BR06064T;1.0
BR06068T;1.0
BR06069T;1.0
BR06070T;1.0
BR06072T;1.0
BR06073T;1.0
BR06074T;1.0
BR06105T;1.0
BR06055T;1.0
BR06056T;1.0
BR06057T;1.0
BR06058T;1.0
BR06059T;1.0
BR06061T;1.0
BR06071T;1.0
PI01364;1.0
PI01457;1.0
PI01365;1.0
BR05983T;1.0
BR05987T;1.0
BR05991T;1.0
BR05995T;1.0
BR05999T;1.0
BR05984T;1.0
BR05988T;1.0
BR05992T;1.0
BR05996T;1.0
CL04429;1.0
CL04430;1.0
BR06004T;1.0
PI01341;1.0
PI01345;1.0
PI01350;1.0
PI01342;1.0
PI01346;1.0
PI01351;1.0
BR05782T;1.0
BR05783T;1.0
BR05784T;1.0
BR05849T;1.0
CL04336;1.0
PU01915T;1.0
BR06155T;1.0
BR06159T;1.0
BR06168T;1.0
BR06170T;1.0
BR06171T;1.0
BR06172T;1.0
BR06173T;1.0
BR06174T;1.0
BR06175T;1.0
BR06176T;1.0
BR06177T;1.0
BR06178T;1.0
BR06179T;1.0
BR06192T;1.0
BR06252T;1.0
BR06152T;1.0
BR06158T;1.0
PU01999T;1.0
PU02001T;1.0
PU02003T;1.0
PU02006T;1.0
PU03422T;1.0
PU01997T;1.0
BR05350T;1.0
BR05351T;1.0
BR05352T;1.0
BR05353T;1.0
CO01278;1.0
CO01279;1.0
CO01280;1.0
CO01281;1.0
CO01282;1.0
BR06544T;1.0
BR06545T;1.0
BR06546T;1.0
BR06547T;1.0
BR06549T;1.0
BR06554T;1.0
BR06559T;1.0
BR06560T;1.0
CL04619;1.0
CL04621;1.0
CL04622;1.0
CL04631;1.0
PI01495;1.0
PI01496;1.0
BR06486T;1.0
BR06488T;1.0
BR06489T;1.0
BR06490T;1.0
BR06491T;1.0
BR06493T;1.0
BR06495T;1.0
BR06496T;1.0
BR06497T;1.0
BR06500T;1.0
BR06501T;1.0
BR06502T;1.0
BR06506T;1.0
BR06508T;1.0
BR06503T;1.0
CO01329;1.0
CO01331;1.0
CO01328;1.0
CO01330;1.0
PI01473;1.0
PI01474;1.0
PI01475;1.0
PI01476;1.0
PI01479;1.0
PI01480;1.0
PI01482;1.0
PI01486;1.0
BR06485T;1.0
BR06492T;1.0
PI01477;1.0
PI01481;1.0
PI01484;1.0
BR06494T;1.0
PI01478;1.0
CL04313;1.0
CL04314;1.0
CO01305;1.0
CO01308;1.0
PI01321;1.0
PI01330;1.0
PI01320;1.0
PI01315;1.0
PI01318;1.0
PI01319;1.0
PI01331;1.0
PI01333;1.0
PU01853T;1.0
PU01852T;1.0
PU01862T;1.0
PU01868T;1.0
PU01873T;1.0
PU01855T;1.0
PU01858T;1.0
PU01900T;1.0
PU01904T;1.0
PU01885T;1.0
PU01890T;1.0
PU01892T;1.0
PU01893T;1.0
PU01909T;1.0
BR06212T;1.0
BR06209T;1.0
BR06207T;1.0
CL04525;1.0
PI01383;1.0
PI01387;1.0
PI01388;1.0
PI01389;1.0
PI01390;1.0
PI01391;1.0
PI01392;1.0
PI01393;1.0
PI01394;1.0
PI01395;1.0
PI01396;1.0
PI01397;1.0
PI01398;1.0
PI01460;1.0
PI01461;1.0
PI01462;1.0
PI01463;1.0
PI01466;1.0
PI01467;1.0
PI01380;1.0
PU02014T;1.0
PU02015T;1.0
PU02016T;1.0
PU02067T;1.0
PU02007T;1.0
PU02008T;1.0
PU02009T;1.0
PI01464;1.0
AB01009;1.0
AB01010;1.0
AB01011;1.0
CL01134;1.0
CL01133;1.0
CL01116;1.0
CO0939R;1.0
CO0942R;1.0
CO0950R;1.0
CO0954R;1.0
CO0956R;1.0
CO0957R;1.0
CO0958R;1.0
CO0959R;1.0
CO0935A;1.0
CO0937A;1.0
CO0942A;1.0
CO0950A;1.0
CO0954A;1.0
CO0956A;1.0
CO0957A;1.0
CO0958A;1.0
CO0934B;1.0
CO0935B;1.0
CO0936B;1.0
CO0937B;1.0
CO0938B;1.0
CO0939B;1.0
CO0940B;1.0
CO0941B;1.0
CO0942B;1.0
CO0943B;1.0
CO0944B;1.0
CO0945B;1.0
CO0946B;1.0
CO0947B;1.0
CO0948B;1.0
CO0949B;1.0
CO0950B;1.0
CO0951B;1.0
CO0954B;1.0
CO0956B;1.0
CO0957B;1.0
CO0958B;1.0
CO0959B;1.0
PI01428;1.0
PI01429;1.0
PI01430;1.0
PI01431;1.0
PI01432;1.0
PI01433;1.0
PI01434;1.0
PI01435;1.0
PI01436;1.0
PI01437;1.0
PI01438;1.0
PI01439;1.0
PI01440;1.0
PI01441;1.0
PI01442;1.0
PI01443;1.0
PI01444;1.0
PI01445;1.0
PI01446;1.0
PI01447;1.0
PI01448;1.0
PI01449;1.0
PI01450;1.0
PI01451;1.0
PI01452;1.0
PI01453;1.0
PI01149;1.0
PI01150;1.0
PI01151;1.0
PI01152;1.0
PI01153;1.0
PI01154;1.0
PI01155;1.0
PI01156;1.0
PI01157;1.0
PI01158;1.0
PI01159;1.0
PI01160;1.0
PI01161;1.0
PI01162;1.0
PI01163;1.0
PI01164;1.0
PI01165;1.0
PI01166;1.0
PI01167;1.0
PI01168;1.0
PI01169;1.0
PI01170;1.0
PI01171;1.0
PI01172;1.0
PI01173;1.0
PI01174;1.0
PI01098;1.0
PI01099;1.0
PI01100;1.0
PI01101;1.0
PI01102;1.0
PI01103;1.0
PI01104;1.0
PI01105;1.0
PI01106;1.0
PI01107;1.0
PI01108;1.0
PI01109;1.0
PI01110;1.0
PI01111;1.0
PI01112;1.0
PI01113;1.0
PI01114;1.0
PI01115;1.0
PI01116;1.0
PI01117;1.0
PI01118;1.0
PI01119;1.0
PI01120;1.0
PI01121;1.0
PI01122;1.0
PI01123;1.0
PI01072;1.0
PI01073;1.0
PI01074;1.0
PI01075;1.0
PI01076;1.0
PI01077;1.0
PI01078;1.0
PI01079;1.0
PI01080;1.0
PI01081;1.0
PI01082;1.0
PI01083;1.0
PI01084;1.0
PI01085;1.0
PI01086;1.0
PI01087;1.0
PI01088;1.0
PI01089;1.0
PI01090;1.0
PI01091;1.0
PI01092;1.0
PI01093;1.0
PI01094;1.0
PI01095;1.0
PI01096;1.0
PI01097;1.0
CL04548;1.0
CL04549;1.0
CL04550;1.0
PU02039T;1.0
PU02036T;1.0
PU02038T;1.0
PU02080T;1.0
PU02076T;1.0
PU02079T;1.0
PU02077T;1.0
PU02075T;1.0
PU02078T;1.0
PU01729T;1.0
PU01730T;1.0
PU01731T;1.0
PU01735T;1.0
PU01736T;1.0
PU01737T;1.0
PU01937T;1.0
PU01945T;1.0
PU01938T;1.0
PU01946T;1.0
CL04478;1.0
CL04479;1.0
CL04490;1.0
PU01965T;1.0
PU01966T;1.0
PU01967T;1.0
PU01714T;1.0
PU01715T;1.0
PU01716T;1.0
PU01717T;1.0
PU01712T;1.0
PU01703T;1.0
PU01713T;1.0
PI01071;1.0
PI01125;1.0
PI01127;1.0
PI01128;1.0
PI01132;1.0
PI01133;1.0
PI01134;1.0
PI01136;1.0
PI01138;1.0
PI01139;1.0
PI01141;1.0
PI01145;1.0
PI01296;1.0
AN02482-10;1.0
AN02482-11;1.0
AN02482-12;1.0
AN02482-13;1.0
AN02482-14;1.0
AN02482-15;1.0
AN02482-16;1.0
AN02482-17;1.0
AN02482-18;1.0
AN02482-19;1.0
AN02482-20;1.0
AN02482-21;1.0
AN02482-22;1.0
AN02949-10;1.0
AN02949-11;1.0
AN02949-12;1.0
AN02949-13;1.0
AN02949-14;1.0
AN02949-15;1.0
AN02949-16;1.0
AN02949-17;1.0
AN02949-18;1.0
AN02949-19;1.0
AN02949-20;1.0
AN02949-21;1.0
AN02949-22;1.0
AN02483-10;1.0
AN02483-11;1.0
AN02483-12;1.0
AN02483-13;1.0
AN02483-14;1.0
AN02483-15;1.0
AN02483-16;1.0
AN02483-17;1.0
AN02483-18;1.0
AN02483-19;1.0
AN02483-20;1.0
AN02483-21;1.0
AN02483-22;1.0
AN03268-10;1.0
AN03268-11;1.0
AN03268-12;1.0
AN03268-13;1.0
AN03268-14;1.0
AN03268-15;1.0
AN03268-16;1.0
AN03268-17;1.0
AN03268-18;1.0
AN03268-19;1.0
AN03268-20;1.0
AN03268-21;1.0
AN03268-22;1.0
AN03255-10;1.0
AN03255-11;1.0
AN03255-12;1.0
AN03255-13;1.0
AN03255-14;1.0
AN03255-15;1.0
AN03255-16;1.0
AN03255-17;1.0
AN03255-18;1.0
AN03255-19;1.0
AN03255-20;1.0
AN03255-21;1.0
AN03255-22;1.0
AN03337-10;1.0
AN03337-11;1.0
AN03337-12;1.0
AN03337-13;1.0
AN03337-14;1.0
AN03337-15;1.0
AN03337-16;1.0
AN03337-17;1.0
AN03337-18;1.0
AN03337-19;1.0
AN03337-20;1.0
AN03337-21;1.0
AN03337-22;1.0
AN03338-10;1.0
AN03338-11;1.0
AN03338-12;1.0
AN03338-13;1.0
AN03338-14;1.0
AN03338-15;1.0
AN03338-16;1.0
AN03338-17;1.0
AN03338-18;1.0
AN03338-19;1.0
AN03338-20;1.0
AN03338-21;1.0
AN03338-22;1.0
AN03342-10;1.0
AN03342-11;1.0
AN03342-12;1.0
AN03342-13;1.0
AN03342-14;1.0
AN03342-15;1.0
AN03342-16;1.0
AN03342-17;1.0
AN03342-18;1.0
AN03342-19;1.0
AN03342-20;1.0
AN03342-21;1.0
AN03342-22;1.0
AN03518-10;1.0
AN03518-11;1.0
AN03518-12;1.0
AN03518-13;1.0
AN03518-14;1.0
AN03518-15;1.0
AN03518-16;1.0
AN03518-17;1.0
AN03518-18;1.0
AN03518-19;1.0
AN03518-20;1.0
AN03518-21;1.0
AN03518-22;1.0
AN03530-10;1.0
AN03530-11;1.0
AN03530-12;1.0
AN03530-13;1.0
AN03530-14;1.0
AN03530-15;1.0
AN03530-16;1.0
AN03530-17;1.0
AN03530-18;1.0
AN03530-19;1.0
AN03530-20;1.0
AN03530-21;1.0
AN03530-22;1.0
AN03531-10;1.0
AN03531-11;1.0
AN03531-12;1.0
AN03531-13;1.0
AN03531-14;1.0
AN03531-15;1.0
AN03531-16;1.0
AN03531-17;1.0
AN03531-18;1.0
AN03531-19;1.0
AN03531-20;1.0
AN03531-21;1.0
AN03531-22;1.0
AN03532-10;1.0
AN03532-11;1.0
AN03532-12;1.0
AN03532-13;1.0
AN03532-14;1.0
AN03532-15;1.0
AN03532-16;1.0
AN03532-17;1.0
AN03532-18;1.0
AN03532-19;1.0
AN03532-20;1.0
AN03532-21;1.0
AN03532-22;1.0
AN03506-10;1.0
AN03506-11;1.0
AN03506-12;1.0
AN03506-13;1.0
AN03506-14;1.0
AN03506-15;1.0
AN03506-16;1.0
AN03506-17;1.0
AN03506-18;1.0
AN03506-19;1.0
AN03506-20;1.0
AN03506-21;1.0
AN03506-22;1.0
AN03513-10;1.0
AN03513-11;1.0
AN03513-12;1.0
AN03513-13;1.0
AN03513-14;1.0
AN03513-15;1.0
AN03513-16;1.0
AN03513-17;1.0
AN03513-18;1.0
AN03513-19;1.0
AN03513-20;1.0
AN03513-21;1.0
AN03513-22;1.0
AN03505-10;1.0
AN03505-11;1.0
AN03505-12;1.0
AN03505-13;1.0
AN03505-14;1.0
AN03505-15;1.0
AN03505-16;1.0
AN03505-17;1.0
AN03505-18;1.0
AN03505-19;1.0
AN03505-20;1.0
AN03505-21;1.0
AN03505-22;1.0
AN03512-10;1.0
AN03512-11;1.0
AN03512-12;1.0
AN03512-13;1.0
AN03512-14;1.0
AN03512-15;1.0
AN03512-16;1.0
AN03512-17;1.0
AN03512-18;1.0
AN03512-19;1.0
AN03512-20;1.0
AN03512-21;1.0
AN03512-22;1.0
AN03073-10;1.0
AN03073-11;1.0
AN03073-12;1.0
AN03073-13;1.0
AN03073-14;1.0
AN03073-15;1.0
AN03073-16;1.0
AN03073-17;1.0
AN03073-18;1.0
AN03073-19;1.0
AN03073-20;1.0
AN03073-21;1.0
AN03073-22;1.0
AN03074-10;1.0
AN03074-11;1.0
AN03074-12;1.0
AN03074-13;1.0
AN03074-14;1.0
AN03074-15;1.0
AN03074-16;1.0
AN03074-17;1.0
AN03074-18;1.0
AN03074-19;1.0
AN03074-20;1.0
AN03074-21;1.0
AN03074-22;1.0
AL00031-10;1.0
AL00031-11;1.0
AL00031-12;1.0
AL00031-13;1.0
AL00031-14;1.0
AL00031-15;1.0
AL00031-16;1.0
AL00031-17;1.0
AL00031-18;1.0
AL00031-19;1.0
AL00031-20;1.0
AL00031-21;1.0
AL00031-22;1.0
AL00037-10;1.0
AL00037-11;1.0
AL00037-12;1.0
AL00037-13;1.0
AL00037-14;1.0
AL00037-15;1.0
AL00037-16;1.0
AL00037-17;1.0
AL00037-18;1.0
AL00037-19;1.0
AL00037-20;1.0
AL00037-21;1.0
AL00037-22;1.0
AL0127-10;1.0
AL0127-11;1.0
AL0127-12;1.0
AL0127-13;1.0
AL0127-14;1.0
AL0127-15;1.0
AL0127-16;1.0
AL0127-17;1.0
AL0127-18;1.0
AL0127-19;1.0
AL0127-20;1.0
AL0127-21;1.0
AL0127-22;1.0
AL0129-10;1.0
AL0129-11;1.0
AL0129-12;1.0
AL0129-13;1.0
AL0129-14;1.0
AL0129-15;1.0
AL0129-16;1.0
AL0129-17;1.0
AL0129-18;1.0
AL0129-19;1.0
AL0129-20;1.0
AL0129-21;1.0
AL0129-22;1.0
AL0131-10;1.0
AL0131-11;1.0
AL0131-12;1.0
AL0131-13;1.0
AL0131-14;1.0
AL0131-15;1.0
AL0131-16;1.0
AL0131-17;1.0
AL0131-18;1.0
AL0131-19;1.0
AL0131-20;1.0
AL0131-21;1.0
AL0131-22;1.0
AL00033-10;1.0
AL00033-11;1.0
AL00033-12;1.0
AL00033-13;1.0
AL00033-14;1.0
AL00033-15;1.0
AL00033-16;1.0
AL00033-17;1.0
AL00033-18;1.0
AL00033-19;1.0
AL00033-20;1.0
AL00033-21;1.0
AL00033-22;1.0
AL0119-10;1.0
AL0119-11;1.0
AL0119-12;1.0
AL0119-13;1.0
AL0119-14;1.0
AL0119-15;1.0
AL0119-16;1.0
AL0119-17;1.0
AL0119-18;1.0
AL0119-19;1.0
AL0119-20;1.0
AL0119-21;1.0
AL0119-22;1.0
AL0121-10;1.0
AL0121-11;1.0
AL0121-12;1.0
AL0121-13;1.0
AL0121-14;1.0
AL0121-15;1.0
AL0121-16;1.0
AL0121-17;1.0
AL0121-18;1.0
AL0121-19;1.0
AL0121-20;1.0
AL0121-21;1.0
AL0121-22;1.0
AL0123-10;1.0
AL0123-11;1.0
AL0123-12;1.0
AL0123-13;1.0
AL0123-14;1.0
AL0123-15;1.0
AL0123-16;1.0
AL0123-17;1.0
AL0123-18;1.0
AL0123-19;1.0
AL0123-20;1.0
AL0123-21;1.0
AL0123-22;1.0
AL0143-10;1.0
AL0143-11;1.0
AL0143-12;1.0
AL0143-13;1.0
AL0143-14;1.0
AL0143-15;1.0
AL0143-16;1.0
AL0143-17;1.0
AL0143-18;1.0
AL0143-19;1.0
AL0143-20;1.0
AL0143-21;1.0
AL0143-22;1.0
AL00042-10;1.0
AL00042-11;1.0
AL00042-12;1.0
AL00042-13;1.0
AL00042-14;1.0
AL00042-15;1.0
AL00042-16;1.0
AL00042-17;1.0
AL00042-18;1.0
AL00042-19;1.0
AL00042-20;1.0
AL00042-21;1.0
AL00042-22;1.0
AL00049-10;1.0
AL00049-11;1.0
AL00049-12;1.0
AL00049-13;1.0
AL00049-14;1.0
AL00049-15;1.0
AL00049-16;1.0
AL00049-17;1.0
AL00049-18;1.0
AL00049-19;1.0
AL00049-20;1.0
AL00049-21;1.0
AL00049-22;1.0
AL00069-10;1.0
AL00069-11;1.0
AL00069-12;1.0
AL00069-13;1.0
AL00069-14;1.0
AL00069-15;1.0
AL00069-16;1.0
AL00069-17;1.0
AL00069-18;1.0
AL00069-19;1.0
AL00069-20;1.0
AL00069-21;1.0
AL00069-22;1.0
AL02775-10;1.0
AL02775-11;1.0
AL02775-12;1.0
AL02775-13;1.0
AL02775-14;1.0
AL02775-15;1.0
AL02775-16;1.0
AL02775-17;1.0
AL02775-18;1.0
AL02775-19;1.0
AL02775-20;1.0
AL02775-21;1.0
AL02775-22;1.0
AN03191-10;1.0
AN03191-11;1.0
AN03191-12;1.0
AN03191-13;1.0
AN03191-14;1.0
AN03191-15;1.0
AN03191-16;1.0
AN03191-17;1.0
AN03191-18;1.0
AN03191-19;1.0
AN03191-20;1.0
AN03191-21;1.0
AN03191-22;1.0
AN03190-10;1.0
AN03190-11;1.0
AN03190-12;1.0
AN03190-13;1.0
AN03190-14;1.0
AN03190-15;1.0
AN03190-16;1.0
AN03190-17;1.0
AN03190-18;1.0
AN03190-19;1.0
AN03190-20;1.0
AN03190-21;1.0
AN03190-22;1.0
AN03189-10;1.0
AN03189-11;1.0
AN03189-12;1.0
AN03189-13;1.0
AN03189-14;1.0
AN03189-15;1.0
AN03189-16;1.0
AN03189-17;1.0
AN03189-18;1.0
AN03189-19;1.0
AN03189-20;1.0
AN03189-21;1.0
AN03189-22;1.0
AN03556-10;1.0
AN03556-11;1.0
AN03556-12;1.0
AN03556-13;1.0
AN03556-14;1.0
AN03556-15;1.0
AN03556-16;1.0
AN03556-17;1.0
AN03556-18;1.0
AN03556-19;1.0
AN03556-20;1.0
AN03556-21;1.0
AN03556-22;1.0
AN03557-10;1.0
AN03557-11;1.0
AN03557-12;1.0
AN03557-13;1.0
AN03557-14;1.0
AN03557-15;1.0
AN03557-16;1.0
AN03557-17;1.0
AN03557-18;1.0
AN03557-19;1.0
AN03557-20;1.0
AN03557-21;1.0
AN03557-22;1.0
AN03558-10;1.0
AN03558-11;1.0
AN03558-12;1.0
AN03558-13;1.0
AN03558-14;1.0
AN03558-15;1.0
AN03558-16;1.0
AN03558-17;1.0
AN03558-18;1.0
AN03558-19;1.0
AN03558-20;1.0
AN03558-21;1.0
AN03558-22;1.0
AN03559-10;1.0
AN03559-11;1.0
AN03559-12;1.0
AN03559-13;1.0
AN03559-14;1.0
AN03559-15;1.0
AN03559-16;1.0
AN03559-17;1.0
AN03559-18;1.0
AN03559-19;1.0
AN03559-20;1.0
AN03559-21;1.0
AN03559-22;1.0
AN03560-10;1.0
AN03560-11;1.0
AN03560-12;1.0
AN03560-13;1.0
AN03560-14;1.0
AN03560-15;1.0
AN03560-16;1.0
AN03560-17;1.0
AN03560-18;1.0
AN03560-19;1.0
AN03560-20;1.0
AN03560-21;1.0
AN03560-22;1.0
AN03562-10;1.0
AN03562-11;1.0
AN03562-12;1.0
AN03562-13;1.0
AN03562-14;1.0
AN03562-15;1.0
AN03562-16;1.0
AN03562-17;1.0
AN03562-18;1.0
AN03562-19;1.0
AN03562-20;1.0
AN03562-21;1.0
AN03562-22;1.0
AN03563-10;1.0
AN03563-11;1.0
AN03563-12;1.0
AN03563-13;1.0
AN03563-14;1.0
AN03563-15;1.0
AN03563-16;1.0
AN03563-17;1.0
AN03563-18;1.0
AN03563-19;1.0
AN03563-20;1.0
AN03563-21;1.0
AN03563-22;1.0
AN03564-10;1.0
AN03564-11;1.0
AN03564-12;1.0
AN03564-13;1.0
AN03564-14;1.0
AN03564-15;1.0
AN03564-16;1.0
AN03564-17;1.0
AN03564-18;1.0
AN03564-19;1.0
AN03564-20;1.0
AN03564-21;1.0
AN03564-22;1.0
AN03565-10;1.0
AN03565-11;1.0
AN03565-12;1.0
AN03565-13;1.0
AN03565-14;1.0
AN03565-15;1.0
AN03565-16;1.0
AN03565-17;1.0
AN03565-18;1.0
AN03565-19;1.0
AN03565-20;1.0
AN03565-21;1.0
AN03565-22;1.0
AN03566-10;1.0
AN03566-11;1.0
AN03566-12;1.0
AN03566-13;1.0
AN03566-14;1.0
AN03566-15;1.0
AN03566-16;1.0
AN03566-17;1.0
AN03566-18;1.0
AN03566-19;1.0
AN03566-20;1.0
AN03566-21;1.0
AN03566-22;1.0
AN03567-10;1.0
AN03567-11;1.0
AN03567-12;1.0
AN03567-13;1.0
AN03567-14;1.0
AN03567-15;1.0
AN03567-16;1.0
AN03567-17;1.0
AN03567-18;1.0
AN03567-19;1.0
AN03567-20;1.0
AN03567-21;1.0
AN03567-22;1.0
AN03574-10;1.0
AN03574-11;1.0
AN03574-12;1.0
AN03574-13;1.0
AN03574-14;1.0
AN03574-15;1.0
AN03574-16;1.0
AN03574-17;1.0
AN03574-18;1.0
AN03574-19;1.0
AN03574-20;1.0
AN03574-21;1.0
AN03574-22;1.0
AN03575-10;1.0
AN03575-11;1.0
AN03575-12;1.0
AN03575-13;1.0
AN03575-14;1.0
AN03575-15;1.0
AN03575-16;1.0
AN03575-17;1.0
AN03575-18;1.0
AN03575-19;1.0
AN03575-20;1.0
AN03575-21;1.0
AN03575-22;1.0
AN03554-10;1.0
AN03554-11;1.0
AN03554-12;1.0
AN03554-13;1.0
AN03554-14;1.0
AN03554-15;1.0
AN03554-16;1.0
AN03554-17;1.0
AN03554-18;1.0
AN03554-19;1.0
AN03554-20;1.0
AN03554-21;1.0
AN03554-22;1.0
AN03561-10;1.0
AN03561-11;1.0
AN03561-12;1.0
AN03561-13;1.0
AN03561-14;1.0
AN03561-15;1.0
AN03561-16;1.0
AN03561-17;1.0
AN03561-18;1.0
AN03561-19;1.0
AN03561-20;1.0
AN03561-21;1.0
AN03561-22;1.0
AN03544-10;1.0
AN03544-11;1.0
AN03544-12;1.0
AN03544-13;1.0
AN03544-14;1.0
AN03544-15;1.0
AN03544-16;1.0
AN03544-17;1.0
AN03544-18;1.0
AN03544-19;1.0
AN03544-20;1.0
AN03544-21;1.0
AN03544-22;1.0
AN0793-10;1.0
AN0793-11;1.0
AN0793-12;1.0
AN0793-13;1.0
AN0793-14;1.0
AN0793-15;1.0
AN0793-16;1.0
AN0793-17;1.0
AN0793-18;1.0
AN0793-19;1.0
AN0793-20;1.0
AN0793-21;1.0
AN0793-22;1.0
AN01150-10;1.0
AN01150-11;1.0
AN01150-12;1.0
AN01150-13;1.0
AN01150-14;1.0
AN01150-15;1.0
AN01150-16;1.0
AN01150-17;1.0
AN01150-18;1.0
AN01150-19;1.0
AN01150-20;1.0
AN01150-21;1.0
AN01150-22;1.0
AN0792-10;1.0
AN0792-11;1.0
AN0792-12;1.0
AN0792-13;1.0
AN0792-14;1.0
AN0792-15;1.0
AN0792-16;1.0
AN0792-17;1.0
AN0792-18;1.0
AN0792-19;1.0
AN0792-20;1.0
AN0792-21;1.0
AN0792-22;1.0
AN0791-10;1.0
AN0791-11;1.0
AN0791-12;1.0
AN0791-13;1.0
AN0791-14;1.0
AN0791-15;1.0
AN0791-16;1.0
AN0791-17;1.0
AN0791-18;1.0
AN0791-19;1.0
AN0791-20;1.0
AN0791-21;1.0
AN0791-22;1.0
AN02445-10;1.0
AN02445-11;1.0
AN02445-12;1.0
AN02445-13;1.0
AN02445-14;1.0
AN02445-15;1.0
AN02445-16;1.0
AN02445-17;1.0
AN02445-18;1.0
AN02445-19;1.0
AN02445-20;1.0
AN02445-21;1.0
AN02445-22;1.0
AN03305-10;1.0
AN03305-11;1.0
AN03305-12;1.0
AN03305-13;1.0
AN03305-14;1.0
AN03305-15;1.0
AN03305-16;1.0
AN03305-17;1.0
AN03305-18;1.0
AN03305-19;1.0
AN03305-20;1.0
AN03305-21;1.0
AN03305-22;1.0
AN02446-10;1.0
AN02446-11;1.0
AN02446-12;1.0
AN02446-13;1.0
AN02446-14;1.0
AN02446-15;1.0
AN02446-16;1.0
AN02446-17;1.0
AN02446-18;1.0
AN02446-19;1.0
AN02446-20;1.0
AN02446-21;1.0
AN02446-22;1.0
AN03026-10;1.0
AN03026-11;1.0
AN03026-12;1.0
AN03026-13;1.0
AN03026-14;1.0
AN03026-15;1.0
AN03026-16;1.0
AN03026-17;1.0
AN03026-18;1.0
AN03026-19;1.0
AN03026-20;1.0
AN03026-21;1.0
AN03026-22;1.0
AN03030-10;1.0
AN03030-11;1.0
AN03030-12;1.0
AN03030-13;1.0
AN03030-14;1.0
AN03030-15;1.0
AN03030-16;1.0
AN03030-17;1.0
AN03030-18;1.0
AN03030-19;1.0
AN03030-20;1.0
AN03030-21;1.0
AN03030-22;1.0
AN03032-10;1.0
AN03032-11;1.0
AN03032-12;1.0
AN03032-13;1.0
AN03032-14;1.0
AN03032-15;1.0
AN03032-16;1.0
AN03032-17;1.0
AN03032-18;1.0
AN03032-19;1.0
AN03032-20;1.0
AN03032-21;1.0
AN03032-22;1.0
AN03033-10;1.0
AN03033-11;1.0
AN03033-12;1.0
AN03033-13;1.0
AN03033-14;1.0
AN03033-15;1.0
AN03033-16;1.0
AN03033-17;1.0
AN03033-18;1.0
AN03033-19;1.0
AN03033-20;1.0
AN03033-21;1.0
AN03033-22;1.0
AN03027-10;1.0
AN03027-11;1.0
AN03027-12;1.0
AN03027-13;1.0
AN03027-15;1.0
AN03027-16;1.0
AN03027-17;1.0
AN03027-18;1.0
AN03027-19;1.0
AN03027-20;1.0
AN03027-21;1.0
AN03027-22;1.0
AN03029-10;1.0
AN03029-11;1.0
AN03029-12;1.0
AN03029-13;1.0
AN03029-14;1.0
AN03029-15;1.0
AN03029-16;1.0
AN03029-17;1.0
AN03029-18;1.0
AN03029-19;1.0
AN03029-20;1.0
AN03029-21;1.0
AN03029-22;1.0
AN03031-10;1.0
AN03031-11;1.0
AN03031-12;1.0
AN03031-13;1.0
AN03031-14;1.0
AN03031-15;1.0
AN03031-16;1.0
AN03031-17;1.0
AN03031-18;1.0
AN03031-19;1.0
AN03031-20;1.0
AN03031-21;1.0
AN03031-22;1.0
AN03028-10;1.0
AN03028-11;1.0
AN03028-12;1.0
AN03028-13;1.0
AN03028-14;1.0
AN03028-15;1.0
AN03028-16;1.0
AN03028-17;1.0
AN03028-18;1.0
AN03028-19;1.0
AN03028-20;1.0
AN03028-21;1.0
AN03028-22;1.0
AN02823-10;1.0
AN02823-11;1.0
AN02823-12;1.0
AN02823-13;1.0
AN02823-14;1.0
AN02823-15;1.0
AN02823-16;1.0
AN02823-17;1.0
AN02823-18;1.0
AN02823-19;1.0
AN02823-20;1.0
AN02823-21;1.0
AN02823-22;1.0
AN02824-10;1.0
AN02824-11;1.0
AN02824-12;1.0
AN02824-13;1.0
AN02824-14;1.0
AN02824-15;1.0
AN02824-16;1.0
AN02824-17;1.0
AN02824-18;1.0
AN02824-19;1.0
AN02824-20;1.0
AN02824-21;1.0
AN02824-22;1.0
AN02815-10;1.0
AN02815-11;1.0
AN02815-12;1.0
AN02815-13;1.0
AN02815-14;1.0
AN02815-15;1.0
AN02815-16;1.0
AN02815-17;1.0
AN02815-18;1.0
AN02815-19;1.0
AN02815-20;1.0
AN02815-21;1.0
AN02815-22;1.0
AN02935-10;1.0
AN02935-11;1.0
AN02935-12;1.0
AN02935-13;1.0
AN02935-14;1.0
AN02935-15;1.0
AN02935-16;1.0
AN02935-17;1.0
AN02935-18;1.0
AN02935-19;1.0
AN02935-20;1.0
AN02935-21;1.0
AN02935-22;1.0
AN03585-10;1.0
AN03585-11;1.0
AN03585-12;1.0
AN03585-13;1.0
AN03585-14;1.0
AN03585-15;1.0
AN03585-16;1.0
AN03585-17;1.0
AN03585-18;1.0
AN03585-19;1.0
AN03585-20;1.0
AN03585-21;1.0
AN03585-22;1.0
AN03586-10;1.0
AN03586-11;1.0
AN03586-12;1.0
AN03586-13;1.0
AN03586-14;1.0
AN03586-15;1.0
AN03586-16;1.0
AN03586-17;1.0
AN03586-18;1.0
AN03586-19;1.0
AN03586-20;1.0
AN03586-21;1.0
AN03586-22;1.0
AN01604-10;1.0
AN01604-11;1.0
AN01604-12;1.0
AN01604-13;1.0
AN01604-14;1.0
AN01604-15;1.0
AN01604-16;1.0
AN01604-17;1.0
AN01604-18;1.0
AN01604-19;1.0
AN01604-20;1.0
AN01604-21;1.0
AN01604-22;1.0
AN01605-10;1.0
AN01605-11;1.0
AN01605-12;1.0
AN01605-13;1.0
AN01605-14;1.0
AN01605-15;1.0
AN01605-16;1.0
AN01605-17;1.0
AN01605-18;1.0
AN01605-19;1.0
AN01605-20;1.0
AN01605-21;1.0
AN01605-22;1.0
AN01606-10;1.0
AN01606-11;1.0
AN01606-12;1.0
AN01606-13;1.0
AN01606-14;1.0
AN01606-15;1.0
AN01606-16;1.0
AN01606-17;1.0
AN01606-18;1.0
AN01606-19;1.0
AN01606-20;1.0
AN01606-21;1.0
AN01606-22;1.0
AN01607-10;1.0
AN01607-11;1.0
AN01607-12;1.0
AN01607-13;1.0
AN01607-14;1.0
AN01607-15;1.0
AN01607-16;1.0
AN01607-17;1.0
AN01607-18;1.0
AN01607-19;1.0
AN01607-20;1.0
AN01607-21;1.0
AN01607-22;1.0
AN01611-10;1.0
AN01611-11;1.0
AN01611-12;1.0
AN01611-13;1.0
AN01611-14;1.0
AN01611-15;1.0
AN01611-16;1.0
AN01611-17;1.0
AN01611-18;1.0
AN01611-19;1.0
AN01611-20;1.0
AN01611-21;1.0
AN01611-22;1.0
AN01608-10;1.0
AN01608-11;1.0
AN01608-12;1.0
AN01608-13;1.0
AN01608-14;1.0
AN01608-15;1.0
AN01608-16;1.0
AN01608-17;1.0
AN01608-18;1.0
AN01608-19;1.0
AN01608-20;1.0
AN01608-21;1.0
AN01608-22;1.0
AN01609-10;1.0
AN01609-11;1.0
AN01609-12;1.0
AN01609-13;1.0
AN01609-14;1.0
AN01609-15;1.0
AN01609-16;1.0
AN01609-17;1.0
AN01609-18;1.0
AN01609-19;1.0
AN01609-20;1.0
AN01609-21;1.0
AN01609-22;1.0
AN01610-10;1.0
AN01610-11;1.0
AN01610-12;1.0
AN01610-13;1.0
AN01610-14;1.0
AN01610-15;1.0
AN01610-16;1.0
AN01610-17;1.0
AN01610-18;1.0
AN01610-19;1.0
AN01610-20;1.0
AN01610-21;1.0
AN01610-22;1.0
AN02506-10;1.0
AN02506-11;1.0
AN02506-12;1.0
AN02506-13;1.0
AN02506-14;1.0
AN02506-15;1.0
AN02506-16;1.0
AN02506-17;1.0
AN02506-18;1.0
AN02506-19;1.0
AN02506-20;1.0
AN02506-21;1.0
AN02506-22;1.0
AN02505-10;1.0
AN02505-11;1.0
AN02505-12;1.0
AN02505-13;1.0
AN02505-14;1.0
AN02505-15;1.0
AN02505-16;1.0
AN02505-17;1.0
AN02505-18;1.0
AN02505-19;1.0
AN02505-20;1.0
AN02505-21;1.0
AN02505-22;1.0
AN03360-10;1.0
AN03360-11;1.0
AN03360-12;1.0
AN03360-13;1.0
AN03360-14;1.0
AN03360-15;1.0
AN03360-16;1.0
AN03360-17;1.0
AN03360-18;1.0
AN03360-19;1.0
AN03360-20;1.0
AN03360-21;1.0
AN03360-22;1.0
AN03361-10;1.0
AN03361-11;1.0
AN03361-12;1.0
AN03361-13;1.0
AN03361-14;1.0
AN03361-15;1.0
AN03361-16;1.0
AN03361-17;1.0
AN03361-18;1.0
AN03361-19;1.0
AN03361-20;1.0
AN03361-21;1.0
AN03361-22;1.0
AN03444-10;1.0
AN03444-11;1.0
AN03444-12;1.0
AN03444-13;1.0
AN03444-14;1.0
AN03444-15;1.0
AN03444-16;1.0
AN03444-17;1.0
AN03444-18;1.0
AN03444-19;1.0
AN03444-20;1.0
AN03444-21;1.0
AN03444-22;1.0
AN03541-10;1.0
AN03541-11;1.0
AN03541-12;1.0
AN03541-13;1.0
AN03541-14;1.0
AN03541-15;1.0
AN03541-16;1.0
AN03541-17;1.0
AN03541-18;1.0
AN03541-19;1.0
AN03541-20;1.0
AN03541-21;1.0
AN03541-22;1.0
AN03404-10;1.0
AN03404-11;1.0
AN03404-12;1.0
AN03404-13;1.0
AN03404-14;1.0
AN03404-15;1.0
AN03404-16;1.0
AN03404-17;1.0
AN03404-18;1.0
AN03404-19;1.0
AN03404-20;1.0
AN03404-21;1.0
AN03404-22;1.0
AN03405-10;1.0
AN03405-11;1.0
AN03405-12;1.0
AN03405-13;1.0
AN03405-14;1.0
AN03405-15;1.0
AN03405-16;1.0
AN03405-17;1.0
AN03405-18;1.0
AN03405-19;1.0
AN03405-20;1.0
AN03405-21;1.0
AN03405-22;1.0
AN03406-10;1.0
AN03406-11;1.0
AN03406-12;1.0
AN03406-13;1.0
AN03406-14;1.0
AN03406-15;1.0
AN03406-16;1.0
AN03406-17;1.0
AN03406-18;1.0
AN03406-19;1.0
AN03406-20;1.0
AN03406-21;1.0
AN03406-22;1.0
AN03407-10;1.0
AN03407-11;1.0
AN03407-12;1.0
AN03407-13;1.0
AN03407-14;1.0
AN03407-15;1.0
AN03407-16;1.0
AN03407-17;1.0
AN03407-18;1.0
AN03407-19;1.0
AN03407-20;1.0
AN03407-21;1.0
AN03407-22;1.0
AN03408-10;1.0
AN03408-11;1.0
AN03408-12;1.0
AN03408-13;1.0
AN03408-14;1.0
AN03408-15;1.0
AN03408-16;1.0
AN03408-17;1.0
AN03408-18;1.0
AN03408-19;1.0
AN03408-20;1.0
AN03408-21;1.0
AN03408-22;1.0
AN03409-10;1.0
AN03409-11;1.0
AN03409-12;1.0
AN03409-13;1.0
AN03409-14;1.0
AN03409-15;1.0
AN03409-16;1.0
AN03409-17;1.0
AN03409-18;1.0
AN03409-19;1.0
AN03409-20;1.0
AN03409-21;1.0
AN03409-22;1.0
AN03410-10;1.0
AN03410-11;1.0
AN03410-12;1.0
AN03410-13;1.0
AN03410-14;1.0
AN03410-15;1.0
AN03410-16;1.0
AN03410-17;1.0
AN03410-18;1.0
AN03410-19;1.0
AN03410-20;1.0
AN03410-21;1.0
AN03410-22;1.0
AN03456-10;1.0
AN03456-11;1.0
AN03456-12;1.0
AN03456-13;1.0
AN03456-14;1.0
AN03456-15;1.0
AN03456-16;1.0
AN03456-17;1.0
AN03456-18;1.0
AN03456-19;1.0
AN03456-20;1.0
AN03456-21;1.0
AN03456-22;1.0
AN03542-10;1.0
AN03542-11;1.0
AN03542-12;1.0
AN03542-13;1.0
AN03542-14;1.0
AN03542-15;1.0
AN03542-16;1.0
AN03542-17;1.0
AN03542-18;1.0
AN03542-19;1.0
AN03542-20;1.0
AN03542-21;1.0
AN03542-22;1.0
AN03397-10;1.0
AN03397-11;1.0
AN03397-12;1.0
AN03397-13;1.0
AN03397-14;1.0
AN03397-15;1.0
AN03397-16;1.0
AN03397-17;1.0
AN03397-18;1.0
AN03397-19;1.0
AN03397-20;1.0
AN03397-21;1.0
AN03397-22;1.0
AN03398-10;1.0
AN03398-11;1.0
AN03398-12;1.0
AN03398-13;1.0
AN03398-14;1.0
AN03398-15;1.0
AN03398-16;1.0
AN03398-17;1.0
AN03398-18;1.0
AN03398-19;1.0
AN03398-20;1.0
AN03398-21;1.0
AN03398-22;1.0
AN03399-10;1.0
AN03399-11;1.0
AN03399-12;1.0
AN03399-13;1.0
AN03399-14;1.0
AN03399-15;1.0
AN03399-16;1.0
AN03399-17;1.0
AN03399-18;1.0
AN03399-19;1.0
AN03399-20;1.0
AN03399-21;1.0
AN03399-22;1.0
AN03400-10;1.0
AN03400-11;1.0
AN03400-12;1.0
AN03400-13;1.0
AN03400-14;1.0
AN03400-15;1.0
AN03400-16;1.0
AN03400-17;1.0
AN03400-18;1.0
AN03400-19;1.0
AN03400-20;1.0
AN03400-21;1.0
AN03400-22;1.0
AN03401-10;1.0
AN03401-11;1.0
AN03401-12;1.0
AN03401-13;1.0
AN03401-14;1.0
AN03401-15;1.0
AN03401-16;1.0
AN03401-17;1.0
AN03401-18;1.0
AN03401-19;1.0
AN03401-20;1.0
AN03401-21;1.0
AN03401-22;1.0
AN03402-10;1.0
AN03402-11;1.0
AN03402-12;1.0
AN03402-13;1.0
AN03402-14;1.0
AN03402-15;1.0
AN03402-16;1.0
AN03402-17;1.0
AN03402-18;1.0
AN03402-19;1.0
AN03402-20;1.0
AN03402-21;1.0
AN03402-22;1.0
AN03403-10;1.0
AN03403-11;1.0
AN03403-12;1.0
AN03403-13;1.0
AN03403-14;1.0
AN03403-15;1.0
AN03403-16;1.0
AN03403-17;1.0
AN03403-18;1.0
AN03403-19;1.0
AN03403-20;1.0
AN03403-21;1.0
AN03403-22;1.0
AN06169-10;1.0
AN06169-11;1.0
AN06169-12;1.0
AN06169-13;1.0
AN06169-14;1.0
AN06169-15;1.0
AN06169-16;1.0
AN06169-17;1.0
AN06169-18;1.0
AN06169-19;1.0
AN06169-20;1.0
AN06169-21;1.0
AN06169-22;1.0
AN06195-10;1.0
AN06195-11;1.0
AN06195-12;1.0
AN06195-13;1.0
AN06195-14;1.0
AN06195-15;1.0
AN06195-16;1.0
AN06195-17;1.0
AN06195-18;1.0
AN06195-19;1.0
AN06195-20;1.0
AN06195-21;1.0
AN06195-22;1.0
AN03395-10;1.0
AN03395-11;1.0
AN03395-12;1.0
AN03395-13;1.0
AN03395-14;1.0
AN03395-15;1.0
AN03395-16;1.0
AN03395-17;1.0
AN03395-18;1.0
AN03395-19;1.0
AN03395-20;1.0
AN03395-21;1.0
AN03395-22;1.0
AN03245-10;1.0
AN03245-11;1.0
AN03245-12;1.0
AN03245-13;1.0
AN03245-14;1.0
AN03245-15;1.0
AN03245-16;1.0
AN03245-17;1.0
AN03245-18;1.0
AN03245-19;1.0
AN03245-20;1.0
AN03245-21;1.0
AN03245-22;1.0
AN02276-10;1.0
AN02276-11;1.0
AN02276-12;1.0
AN02276-13;1.0
AN02276-14;1.0
AN02276-15;1.0
AN02276-16;1.0
AN02276-17;1.0
AN02276-18;1.0
AN02276-19;1.0
AN02276-20;1.0
AN02276-21;1.0
AN02276-22;1.0
AN01867-10;1.0
AN01867-11;1.0
AN01867-12;1.0
AN01867-13;1.0
AN01867-14;1.0
AN01867-15;1.0
AN01867-16;1.0
AN01867-17;1.0
AN01867-18;1.0
AN01867-19;1.0
AN01867-20;1.0
AN01867-21;1.0
AN01867-22;1.0
AN01868-10;1.0
AN01868-11;1.0
AN01868-12;1.0
AN01868-13;1.0
AN01868-14;1.0
AN01868-15;1.0
AN01868-16;1.0
AN01868-17;1.0
AN01868-18;1.0
AN01868-19;1.0
AN01868-20;1.0
AN01868-21;1.0
AN01868-22;1.0
AN01869-10;1.0
AN01869-11;1.0
AN01869-12;1.0
AN01869-13;1.0
AN01869-14;1.0
AN01869-15;1.0
AN01869-16;1.0
AN01869-17;1.0
AN01869-18;1.0
AN01869-19;1.0
AN01869-20;1.0
AN01869-21;1.0
AN01869-22;1.0
AN01890-10;1.0
AN01890-11;1.0
AN01890-12;1.0
AN01890-13;1.0
AN01890-14;1.0
AN01890-15;1.0
AN01890-16;1.0
AN01890-17;1.0
AN01890-18;1.0
AN01890-19;1.0
AN01890-20;1.0
AN01890-21;1.0
AN01890-22;1.0
AN01864-10;1.0
AN01864-11;1.0
AN01864-12;1.0
AN01864-13;1.0
AN01864-14;1.0
AN01864-15;1.0
AN01864-16;1.0
AN01864-17;1.0
AN01864-18;1.0
AN01864-19;1.0
AN01864-20;1.0
AN01864-21;1.0
AN01864-22;1.0
AN03307-10;1.0
AN03307-11;1.0
AN03307-12;1.0
AN03307-13;1.0
AN03307-14;1.0
AN03307-15;1.0
AN03307-16;1.0
AN03307-17;1.0
AN03307-18;1.0
AN03307-19;1.0
AN03307-20;1.0
AN03307-21;1.0
AN03307-22;1.0
AN03368-10;1.0
AN03368-11;1.0
AN03368-12;1.0
AN03368-13;1.0
AN03368-14;1.0
AN03368-15;1.0
AN03368-16;1.0
AN03368-17;1.0
AN03368-18;1.0
AN03368-19;1.0
AN03368-20;1.0
AN03368-21;1.0
AN03368-22;1.0
AN01870-10;1.0
AN01870-11;1.0
AN01870-12;1.0
AN01870-13;1.0
AN01870-14;1.0
AN01870-15;1.0
AN01870-16;1.0
AN01870-17;1.0
AN01870-18;1.0
AN01870-19;1.0
AN01870-20;1.0
AN01870-21;1.0
AN01870-22;1.0
AN02299-10;1.0
AN02299-11;1.0
AN02299-12;1.0
AN02299-13;1.0
AN02299-14;1.0
AN02299-15;1.0
AN02299-16;1.0
AN02299-17;1.0
AN02299-18;1.0
AN02299-19;1.0
AN02299-20;1.0
AN02299-21;1.0
AN02299-22;1.0
AN02300-10;1.0
AN02300-11;1.0
AN02300-12;1.0
AN02300-13;1.0
AN02300-14;1.0
AN02300-15;1.0
AN02300-16;1.0
AN02300-17;1.0
AN02300-18;1.0
AN02300-19;1.0
AN02300-20;1.0
AN02300-21;1.0
AN02300-22;1.0
AN01724-10;1.0
AN01724-11;1.0
AN01724-12;1.0
AN01724-13;1.0
AN01724-14;1.0
AN01724-15;1.0
AN01724-16;1.0
AN01724-17;1.0
AN01724-18;1.0
AN01724-19;1.0
AN01724-20;1.0
AN01724-21;1.0
AN01724-22;1.0
AN01748-10;1.0
AN01748-11;1.0
AN01748-12;1.0
AN01748-13;1.0
AN01748-14;1.0
AN01748-15;1.0
AN01748-16;1.0
AN01748-17;1.0
AN01748-18;1.0
AN01748-19;1.0
AN01748-20;1.0
AN01748-21;1.0
AN01748-22;1.0
AN01749-10;1.0
AN01749-11;1.0
AN01749-12;1.0
AN01749-13;1.0
AN01749-14;1.0
AN01749-15;1.0
AN01749-16;1.0
AN01749-17;1.0
AN01749-18;1.0
AN01749-19;1.0
AN01749-20;1.0
AN01749-21;1.0
AN01749-22;1.0
AN01865-10;1.0
AN01865-11;1.0
AN01865-12;1.0
AN01865-13;1.0
AN01865-14;1.0
AN01865-15;1.0
AN01865-16;1.0
AN01865-17;1.0
AN01865-18;1.0
AN01865-19;1.0
AN01865-20;1.0
AN01865-21;1.0
AN01865-22;1.0
AN02038-10;1.0
AN02038-11;1.0
AN02038-12;1.0
AN02038-13;1.0
AN02038-14;1.0
AN02038-15;1.0
AN02038-16;1.0
AN02038-17;1.0
AN02038-18;1.0
AN02038-19;1.0
AN02038-20;1.0
AN02038-21;1.0
AN02038-22;1.0
AN03573-10;1.0
AN03573-11;1.0
AN03573-12;1.0
AN03573-13;1.0
AN03573-14;1.0
AN03573-15;1.0
AN03573-16;1.0
AN03573-17;1.0
AN03573-18;1.0
AN03573-19;1.0
AN03573-20;1.0
AN03573-21;1.0
AN03573-22;1.0
AN03175-10;1.0
AN03175-11;1.0
AN03175-12;1.0
AN03175-13;1.0
AN03175-14;1.0
AN03175-15;1.0
AN03175-16;1.0
AN03175-17;1.0
AN03175-18;1.0
AN03175-19;1.0
AN03175-20;1.0
AN03175-21;1.0
AN03175-22;1.0
AN03537-10;1.0
AN03537-11;1.0
AN03537-12;1.0
AN03537-13;1.0
AN03537-14;1.0
AN03537-15;1.0
AN03537-16;1.0
AN03537-17;1.0
AN03537-18;1.0
AN03537-19;1.0
AN03537-20;1.0
AN03537-21;1.0
AN03537-22;1.0
AN03215-10;1.0
AN03215-11;1.0
AN03215-12;1.0
AN03215-13;1.0
AN03215-14;1.0
AN03215-15;1.0
AN03215-16;1.0
AN03215-17;1.0
AN03215-18;1.0
AN03215-19;1.0
AN03215-20;1.0
AN03215-21;1.0
AN03215-22;1.0
AN02785-10;1.0
AN02785-11;1.0
AN02785-12;1.0
AN02785-13;1.0
AN02785-14;1.0
AN02785-15;1.0
AN02785-16;1.0
AN02785-17;1.0
AN02785-18;1.0
AN02785-19;1.0
AN02785-20;1.0
AN02785-21;1.0
AN02785-22;1.0
AN02948-10;1.0
AN02948-11;1.0
AN02948-12;1.0
AN02948-13;1.0
AN02948-14;1.0
AN02948-15;1.0
AN02948-16;1.0
AN02948-17;1.0
AN02948-18;1.0
AN02948-19;1.0
AN02948-20;1.0
AN02948-21;1.0
AN02948-22;1.0
AN03090-10;1.0
AN03090-11;1.0
AN03090-12;1.0
AN03090-13;1.0
AN03090-14;1.0
AN03090-15;1.0
AN03090-16;1.0
AN03090-17;1.0
AN03090-18;1.0
AN03090-19;1.0
AN03090-20;1.0
AN03090-21;1.0
AN03090-22;1.0
AN02817-10;1.0
AN02817-11;1.0
AN02817-12;1.0
AN02817-13;1.0
AN02817-14;1.0
AN02817-15;1.0
AN02817-16;1.0
AN02817-17;1.0
AN02817-18;1.0
AN02817-19;1.0
AN02817-20;1.0
AN02817-21;1.0
AN02817-22;1.0
AN02859-10;1.0
AN02859-11;1.0
AN02859-12;1.0
AN02859-13;1.0
AN02859-14;1.0
AN02859-15;1.0
AN02859-16;1.0
AN02859-17;1.0
AN02859-18;1.0
AN02859-19;1.0
AN02859-20;1.0
AN02859-21;1.0
AN02859-22;1.0
AN03318-10;1.0
AN03318-11;1.0
AN03318-12;1.0
AN03318-13;1.0
AN03318-14;1.0
AN03318-15;1.0
AN03318-16;1.0
AN03318-17;1.0
AN03318-18;1.0
AN03318-19;1.0
AN03318-20;1.0
AN03318-21;1.0
AN03318-22;1.0
AN03321-10;1.0
AN03321-11;1.0
AN03321-12;1.0
AN03321-13;1.0
AN03321-14;1.0
AN03321-15;1.0
AN03321-16;1.0
AN03321-17;1.0
AN03321-18;1.0
AN03321-19;1.0
AN03321-20;1.0
AN03321-21;1.0
AN03321-22;1.0
AN03430-10;1.0
AN03430-11;1.0
AN03430-12;1.0
AN03430-13;1.0
AN03430-14;1.0
AN03430-15;1.0
AN03430-16;1.0
AN03430-17;1.0
AN03430-18;1.0
AN03430-19;1.0
AN03430-20;1.0
AN03430-21;1.0
AN03430-22;1.0
AN03453-10;1.0
AN03453-11;1.0
AN03453-12;1.0
AN03453-13;1.0
AN03453-14;1.0
AN03453-15;1.0
AN03453-16;1.0
AN03453-17;1.0
AN03453-18;1.0
AN03453-19;1.0
AN03453-20;1.0
AN03453-21;1.0
AN03453-22;1.0
AN03472-10;1.0
AN03472-11;1.0
AN03472-12;1.0
AN03472-13;1.0
AN03472-14;1.0
AN03472-15;1.0
AN03472-16;1.0
AN03472-17;1.0
AN03472-18;1.0
AN03472-19;1.0
AN03472-20;1.0
AN03472-21;1.0
AN03472-22;1.0
AN03496-10;1.0
AN03496-11;1.0
AN03496-12;1.0
AN03496-13;1.0
AN03496-14;1.0
AN03496-15;1.0
AN03496-16;1.0
AN03496-17;1.0
AN03496-18;1.0
AN03496-19;1.0
AN03496-20;1.0
AN03496-21;1.0
AN03496-22;1.0
AN03497-10;1.0
AN03497-11;1.0
AN03497-12;1.0
AN03497-13;1.0
AN03497-14;1.0
AN03497-15;1.0
AN03497-16;1.0
AN03497-17;1.0
AN03497-18;1.0
AN03497-19;1.0
AN03497-20;1.0
AN03497-21;1.0
AN03497-22;1.0
AN03515-10;1.0
AN03515-11;1.0
AN03515-12;1.0
AN03515-13;1.0
AN03515-14;1.0
AN03515-15;1.0
AN03515-16;1.0
AN03515-17;1.0
AN03515-18;1.0
AN03515-19;1.0
AN03515-20;1.0
AN03515-21;1.0
AN03515-22;1.0
AN03546-10;1.0
AN03546-11;1.0
AN03546-12;1.0
AN03546-13;1.0
AN03546-14;1.0
AN03546-15;1.0
AN03546-16;1.0
AN03546-17;1.0
AN03546-18;1.0
AN03546-19;1.0
AN03546-20;1.0
AN03546-21;1.0
AN03546-22;1.0
PU02068T;1.0
PU02069T;1.0
PU01988T;1.0
PU02004T;1.0
PU01990T;1.0
PU03423T;1.0
PU01993T;1.0
PU02002T;1.0
PU01989T;1.0
PU01998T;1.0
PU06193T;1.0
PU06194T;1.0
PU01994T;1.0
PU02000T;1.0
PU01801T;1.0
PU01803T;1.0
PU01802T;1.0
PU01804T;1.0
BR06266T;1.0
BR04585T;1.0
BR06424T;1.0
BR06383T;1.0
BR06475T;1.0
BR02815T;1.0
BR06083T;1.0
BR06448T;1.0
BR05712T;1.0
BR05735T;1.0
BR05922T;1.0
BR06123T;1.0
BR06127T;1.0
BR06140T;1.0
BR06146T;1.0
BR06148T;1.0
BR06201T;1.0
BR06220T;1.0
BR06514T;1.0
BR06564T;1.0
BR06565T;1.0
BR06566T;1.0
BR05587T;1.0
BR06139T;1.0
BR06288T;1.0
BR05297T;1.0
BR05397T;1.0
BR03909T;1.0
CL04100;1.0
CL04574;1.0
CL04599;1.0
CL04471;1.0
CL04601;1.0
CL04612;1.0
CL04154;1.0
CL00774;1.0
CL02027;1.0
CL02030;1.0
CL03882;1.0
CL04482;1.0
CL04606;1.0
CL03749;1.0
CL03784;1.0
CL03751;1.0
CL01407;1.0
CL04438;1.0
CO01292;1.0
CO00012;1.0
CO01297;1.0
CO01322;1.0
CO01320;1.0
CO0746;1.0
CO00021;1.0
CO01319;1.0
CO01321;1.0
BR06458T;1.0
BR06456T;1.0
BR06462T;1.0
PI01468;1.0
PI01405;1.0
PI01414;1.0
PI01458;1.0
PI01459;1.0
PU01260T;1.0
PU01212T;1.0
PU01992T;1.0
PU02034T;1.0
PU02062T;1.0
PU01003;1.0
PU01323T;1.0
PU01435T;1.0
PU01626T;1.0
PU02047T;1.0
PU02048T;1.0
PU01986T;1.0
PU02064T;1.0
PU02071T;1.0
PU02072T;1.0
PU01656T;1.0
PU01654T;1.0
PU01660T;1.0
BR05246T;1.0
BR06124T;1.0
BR06467T;1.0
BR06113T;1.0
BR06112T;1.0
BR05968T;1.0
BR05975T;1.0
BR06446T;1.0
BR04407T;1.0
BR04430T;1.0
BR05164T;1.0
BR05672T;1.0
BR05748T;1.0
BR06199T;1.0
BR06511T;1.0
CL04151;1.0
CL04609;1.0
PU01568T;1.0
PU01753T;1.0
PU01769T;1.0
PU01320T;1.0
PU01537T;1.0
PU02061T;1.0
PU02070T;1.0
PU01764T;1.0
BR02031T;1.0
BR06231T;1.0
BR06254T;1.0
BR06264T;1.0
BR06370T;1.0
BR06393T;1.0
BR06520T;1.0
BR06521T;1.0
BR06523T;1.0
BR06528T;1.0
CL04542;1.0
CL04554;1.0
CL04566;1.0
CL04567;1.0
CL04586;1.0
CL06391;1.0
CL04608;1.0
CL04577;1.0
AN03510-10;1.0
AN03510-11;1.0
AN03510-12;1.0
AN03510-13;1.0
AN03510-14;1.0
AN03510-15;1.0
AN03510-16;1.0
AN03510-17;1.0
AN03510-18;1.0
AN03510-19;1.0
AN03510-20;1.0
AN03510-21;1.0
AN03510-22;1.0
AN03533-10;1.0
AN03533-11;1.0
AN03533-12;1.0
AN03533-13;1.0
AN03533-14;1.0
AN03533-15;1.0
AN03533-16;1.0
AN03533-17;1.0
AN03533-18;1.0
AN03533-19;1.0
AN03533-20;1.0
AN03533-21;1.0
AN03533-22;1.0
AN03148-10;1.0
AN03148-11;1.0
AN03148-12;1.0
AN03148-13;1.0
AN03148-14;1.0
AN03148-15;1.0
AN03148-16;1.0
AN03148-17;1.0
AN03148-18;1.0
AN03148-19;1.0
AN03148-20;1.0
AN03148-21;1.0
AN03148-22;1.0
AN03349-10;1.0
AN03349-11;1.0
AN03349-12;1.0
AN03349-13;1.0
AN03349-14;1.0
AN03349-15;1.0
AN03349-16;1.0
AN03349-17;1.0
AN03349-18;1.0
AN03349-19;1.0
AN03349-20;1.0
AN03349-21;1.0
AN03349-22;1.0
AN03448-10;1.0
AN03448-11;1.0
AN03448-12;1.0
AN03448-13;1.0
AN03448-14;1.0
AN03448-15;1.0
AN03448-16;1.0
AN03448-17;1.0
AN03448-18;1.0
AN03448-19;1.0
AN03448-20;1.0
AN03448-21;1.0
AN03448-22;1.0
AN03449-10;1.0
AN03449-11;1.0
AN03449-12;1.0
AN03449-13;1.0
AN03449-14;1.0
AN03449-15;1.0
AN03449-16;1.0
AN03449-17;1.0
AN03449-18;1.0
AN03449-19;1.0
AN03449-20;1.0
AN03449-21;1.0
AN03449-22;1.0
AN03492-10;1.0
AN03492-11;1.0
AN03492-12;1.0
AN03492-13;1.0
AN03492-14;1.0
AN03492-15;1.0
AN03492-16;1.0
AN03492-17;1.0
AN03492-18;1.0
AN03492-19;1.0
AN03492-20;1.0
AN03492-21;1.0
AN03492-22;1.0
AN03572-10;1.0
AN03572-11;1.0
AN03572-12;1.0
AN03572-13;1.0
AN03572-14;1.0
AN03572-15;1.0
AN03572-16;1.0
AN03572-17;1.0
AN03572-18;1.0
AN03572-19;1.0
AN03572-20;1.0
AN03572-21;1.0
AN03572-22;1.0
AN03577-10;1.0
AN03577-11;1.0
AN03577-12;1.0
AN03577-13;1.0
AN03577-14;1.0
AN03577-15;1.0
AN03577-16;1.0
AN03577-17;1.0
AN03577-18;1.0
AN03577-19;1.0
AN03577-20;1.0
AN03577-21;1.0
AN03577-22;1.0
AN03578-10;1.0
AN03578-11;1.0
AN03578-12;1.0
AN03578-13;1.0
AN03578-14;1.0
AN03578-15;1.0
AN03578-16;1.0
AN03578-17;1.0
AN03578-18;1.0
AN03578-19;1.0
AN03578-20;1.0
AN03578-21;1.0
AN03578-22;1.0
AN02702-10;1.0
AN02702-11;1.0
AN02702-12;1.0
AN02702-13;1.0
AN02702-14;1.0
AN02702-15;1.0
AN02702-16;1.0
AN02702-17;1.0
AN02702-18;1.0
AN02702-19;1.0
AN02702-20;1.0
AN02702-21;1.0
AN02702-22;1.0
AN03588-10;1.0
AN03588-11;1.0
AN03588-12;1.0
AN03588-13;1.0
AN03588-14;1.0
AN03588-15;1.0
AN03588-16;1.0
AN03588-17;1.0
AN03588-18;1.0
AN03588-19;1.0
AN03588-20;1.0
AN03588-21;1.0
AN03588-22;1.0
AN02055-10;1.0
AN02055-11;1.0
AN02055-12;1.0
AN02055-13;1.0
AN02055-14;1.0
AN02055-15;1.0
AN02055-16;1.0
AN02055-17;1.0
AN02055-18;1.0
AN02055-19;1.0
AN02055-20;1.0
AN02055-21;1.0
AN02055-22;1.0
AN02242-10;1.0
AN02242-11;1.0
AN02242-12;1.0
AN02242-13;1.0
AN02242-14;1.0
AN02242-15;1.0
AN02242-16;1.0
AN02242-17;1.0
AN02242-18;1.0
AN02242-19;1.0
AN02242-20;1.0
AN02242-21;1.0
AN02242-22;1.0
AN02473-10;1.0
AN02473-11;1.0
AN02473-12;1.0
AN02473-13;1.0
AN02473-14;1.0
AN02473-15;1.0
AN02473-16;1.0
AN02473-17;1.0
AN02473-18;1.0
AN02473-19;1.0
AN02473-20;1.0
AN02473-21;1.0
AN02473-22;1.0
AN02524-10;1.0
AN02524-11;1.0
AN02524-12;1.0
AN02524-13;1.0
AN02524-14;1.0
AN02524-15;1.0
AN02524-16;1.0
AN02524-17;1.0
AN02524-18;1.0
AN02524-19;1.0
AN02524-20;1.0
AN02524-21;1.0
AN02524-22;1.0
AN02752-10;1.0
AN02752-11;1.0
AN02752-12;1.0
AN02752-13;1.0
AN02752-14;1.0
AN02752-15;1.0
AN02752-16;1.0
AN02752-17;1.0
AN02752-18;1.0
AN02752-19;1.0
AN02752-20;1.0
AN02752-21;1.0
AN02752-22;1.0
AN02943-10;1.0
AN02943-11;1.0
AN02943-12;1.0
AN02943-13;1.0
AN02943-14;1.0
AN02943-15;1.0
AN02943-16;1.0
AN02943-17;1.0
AN02943-18;1.0
AN02943-19;1.0
AN02943-20;1.0
AN02943-21;1.0
AN02943-22;1.0
AN03188-10;1.0
AN03188-11;1.0
AN03188-12;1.0
AN03188-13;1.0
AN03188-14;1.0
AN03188-15;1.0
AN03188-16;1.0
AN03188-17;1.0
AN03188-18;1.0
AN03188-19;1.0
AN03188-20;1.0
AN03188-21;1.0
AN03188-22;1.0
AN03227-10;1.0
AN03227-11;1.0
AN03227-12;1.0
AN03227-13;1.0
AN03227-14;1.0
AN03227-15;1.0
AN03227-16;1.0
AN03227-17;1.0
AN03227-18;1.0
AN03227-19;1.0
AN03227-20;1.0
AN03227-21;1.0
AN03227-22;1.0
AN03240-10;1.0
AN03240-11;1.0
AN03240-12;1.0
AN03240-13;1.0
AN03240-14;1.0
AN03240-15;1.0
AN03240-16;1.0
AN03240-17;1.0
AN03240-18;1.0
AN03240-19;1.0
AN03240-20;1.0
AN03240-21;1.0
AN03240-22;1.0
AN03290-10;1.0
AN03290-11;1.0
AN03290-12;1.0
AN03290-13;1.0
AN03290-14;1.0
AN03290-15;1.0
AN03290-16;1.0
AN03290-17;1.0
AN03290-18;1.0
AN03290-19;1.0
AN03290-20;1.0
AN03290-21;1.0
AN03290-22;1.0
AN03523-10;1.0
AN03523-11;1.0
AN03523-12;1.0
AN03523-13;1.0
AN03523-14;1.0
AN03523-15;1.0
AN03523-16;1.0
AN03523-17;1.0
AN03523-18;1.0
AN03523-19;1.0
AN03523-20;1.0
AN03523-21;1.0
AN03523-22;1.0
AN03046-10;1.0
AN03046-11;1.0
AN03046-12;1.0
AN03046-13;1.0
AN03046-14;1.0
AN03046-15;1.0
AN03046-16;1.0
AN03046-17;1.0
AN03046-18;1.0
AN03046-19;1.0
AN03046-20;1.0
AN03046-21;1.0
AN03046-22;1.0
AN03043-10;1.0
AN03043-11;1.0
AN03043-12;1.0
AN03043-13;1.0
AN03043-14;1.0
AN03043-15;1.0
AN03043-16;1.0
AN03043-17;1.0
AN03043-18;1.0
AN03043-19;1.0
AN03043-20;1.0
AN03043-21;1.0
AN03043-22;1.0
AN03289-10;1.0
AN03289-11;1.0
AN03289-12;1.0
AN03289-13;1.0
AN03289-14;1.0
AN03289-15;1.0
AN03289-16;1.0
AN03289-17;1.0
AN03289-18;1.0
AN03289-19;1.0
AN03289-20;1.0
AN03289-21;1.0
AN03289-22;1.0
AN02803-10;1.0
AN02803-11;1.0
AN02803-12;1.0
AN02803-13;1.0
AN02803-14;1.0
AN02803-15;1.0
AN02803-16;1.0
AN02803-17;1.0
AN02803-18;1.0
AN02803-19;1.0
AN02803-20;1.0
AN02803-21;1.0
AN02803-22;1.0
AN02936-10;1.0
AN02936-11;1.0
AN02936-12;1.0
AN02936-13;1.0
AN02936-14;1.0
AN02936-15;1.0
AN02936-16;1.0
AN02936-17;1.0
AN02936-18;1.0
AN02936-19;1.0
AN02936-20;1.0
AN02936-21;1.0
AN02936-22;1.0
AN03088-10;1.0
AN03088-11;1.0
AN03088-12;1.0
AN03088-13;1.0
AN03088-14;1.0
AN03088-15;1.0
AN03088-16;1.0
AN03088-17;1.0
AN03088-18;1.0
AN03088-19;1.0
AN03088-20;1.0
AN03088-21;1.0
AN03088-22;1.0
AN03172-10;1.0
AN03172-11;1.0
AN03172-12;1.0
AN03172-13;1.0
AN03172-14;1.0
AN03172-15;1.0
AN03172-16;1.0
AN03172-17;1.0
AN03172-18;1.0
AN03172-19;1.0
AN03172-20;1.0
AN03172-21;1.0
AN03172-22;1.0
AN03197-10;1.0
AN03197-11;1.0
AN03197-12;1.0
AN03197-13;1.0
AN03197-14;1.0
AN03197-15;1.0
AN03197-16;1.0
AN03197-17;1.0
AN03197-18;1.0
AN03197-19;1.0
AN03197-20;1.0
AN03197-21;1.0
AN03197-22;1.0
AN03198-10;1.0
AN03198-11;1.0
AN03198-12;1.0
AN03198-13;1.0
AN03198-14;1.0
AN03198-15;1.0
AN03198-16;1.0
AN03198-17;1.0
AN03198-18;1.0
AN03198-19;1.0
AN03198-20;1.0
AN03198-21;1.0
AN03198-22;1.0
AN03320-10;1.0
AN03320-11;1.0
AN03320-12;1.0
AN03320-13;1.0
AN03320-14;1.0
AN03320-15;1.0
AN03320-16;1.0
AN03320-17;1.0
AN03320-18;1.0
AN03320-19;1.0
AN03320-20;1.0
AN03320-21;1.0
AN03320-22;1.0
AN03323-10;1.0
AN03323-11;1.0
AN03323-12;1.0
AN03323-13;1.0
AN03323-14;1.0
AN03323-15;1.0
AN03323-16;1.0
AN03323-17;1.0
AN03323-18;1.0
AN03323-19;1.0
AN03323-20;1.0
AN03323-21;1.0
AN03323-22;1.0
AN03324-10;1.0
AN03324-11;1.0
AN03324-12;1.0
AN03324-13;1.0
AN03324-14;1.0
AN03324-15;1.0
AN03324-16;1.0
AN03324-17;1.0
AN03324-18;1.0
AN03324-19;1.0
AN03324-20;1.0
AN03324-21;1.0
AN03324-22;1.0
AN03383-10;1.0
AN03383-11;1.0
AN03383-12;1.0
AN03383-13;1.0
AN03383-14;1.0
AN03383-15;1.0
AN03383-16;1.0
AN03383-17;1.0
AN03383-18;1.0
AN03383-19;1.0
AN03383-20;1.0
AN03383-21;1.0
AN03383-22;1.0
AN03522-10;1.0
AN03522-11;1.0
AN03522-12;1.0
AN03522-13;1.0
AN03522-14;1.0
AN03522-15;1.0
AN03522-16;1.0
AN03522-17;1.0
AN03522-18;1.0
AN03522-19;1.0
AN03522-20;1.0
AN03522-21;1.0
AN03522-22;1.0
AN03459-10;1.0
AN03459-11;1.0
AN03459-12;1.0
AN03459-13;1.0
AN03459-14;1.0
AN03459-15;1.0
AN03459-16;1.0
AN03459-17;1.0
AN03459-18;1.0
AN03459-19;1.0
AN03459-20;1.0
AN03459-21;1.0
AN03459-22;1.0
AN03460-10;1.0
AN03460-11;1.0
AN03460-12;1.0
AN03460-13;1.0
AN03460-14;1.0
AN03460-15;1.0
AN03460-16;1.0
AN03460-17;1.0
AN03460-18;1.0
AN03460-19;1.0
AN03460-20;1.0
AN03460-21;1.0
AN03460-22;1.0
AN03454-10;1.0
AN03454-11;1.0
AN03454-12;1.0
AN03454-13;1.0
AN03454-14;1.0
AN03454-15;1.0
AN03454-16;1.0
AN03454-17;1.0
AN03454-18;1.0
AN03454-19;1.0
AN03454-20;1.0
AN03454-21;1.0
AN03454-22;1.0
AN03442-10;1.0
AN03442-11;1.0
AN03442-12;1.0
AN03442-13;1.0
AN03442-14;1.0
AN03442-15;1.0
AN03442-16;1.0
AN03442-17;1.0
AN03442-18;1.0
AN03442-19;1.0
AN03442-20;1.0
AN03442-21;1.0
AN03442-22;1.0
AN03462-10;1.0
AN03462-11;1.0
AN03462-12;1.0
AN03462-13;1.0
AN03462-14;1.0
AN03462-15;1.0
AN03462-16;1.0
AN03462-17;1.0
AN03462-18;1.0
AN03462-19;1.0
AN03462-20;1.0
AN03462-21;1.0
AN03462-22;1.0
AN03473-10;1.0
AN03473-11;1.0
AN03473-12;1.0
AN03473-13;1.0
AN03473-14;1.0
AN03473-15;1.0
AN03473-16;1.0
AN03473-17;1.0
AN03473-18;1.0
AN03473-19;1.0
AN03473-20;1.0
AN03473-21;1.0
AN03473-22;1.0
AN03498-10;1.0
AN03498-11;1.0
AN03498-12;1.0
AN03498-13;1.0
AN03498-14;1.0
AN03498-15;1.0
AN03498-16;1.0
AN03498-17;1.0
AN03498-18;1.0
AN03498-19;1.0
AN03498-20;1.0
AN03498-21;1.0
AN03498-22;1.0
AN03514-10;1.0
AN03514-11;1.0
AN03514-12;1.0
AN03514-13;1.0
AN03514-14;1.0
AN03514-15;1.0
AN03514-16;1.0
AN03514-17;1.0
AN03514-18;1.0
AN03514-19;1.0
AN03514-20;1.0
AN03514-21;1.0
AN03514-22;1.0
AN03536-10;1.0
AN03536-11;1.0
AN03536-12;1.0
AN03536-13;1.0
AN03536-14;1.0
AN03536-15;1.0
AN03536-16;1.0
AN03536-17;1.0
AN03536-18;1.0
AN03536-19;1.0
AN03536-20;1.0
AN03536-21;1.0
AN03536-22;1.0
AN03482-10;1.0
AN03482-11;1.0
AN03482-12;1.0
AN03482-13;1.0
AN03482-14;1.0
AN03482-15;1.0
AN03482-16;1.0
AN03482-17;1.0
AN03482-18;1.0
AN03482-19;1.0
AN03482-20;1.0
AN03482-21;1.0
AN03482-22;1.0
AN03500-10;1.0
AN03500-11;1.0
AN03500-12;1.0
AN03500-13;1.0
AN03500-14;1.0
AN03500-15;1.0
AN03500-16;1.0
AN03500-17;1.0
AN03500-18;1.0
AN03500-19;1.0
AN03500-20;1.0
AN03500-21;1.0
AN03500-22;1.0
AN03501-10;1.0
AN03501-11;1.0
AN03501-12;1.0
AN03501-13;1.0
AN03501-14;1.0
AN03501-15;1.0
AN03501-16;1.0
AN03501-17;1.0
AN03501-18;1.0
AN03501-19;1.0
AN03501-20;1.0
AN03501-21;1.0
AN03501-22;1.0
AN03540-10;1.0
AN03540-11;1.0
AN03540-12;1.0
AN03540-13;1.0
AN03540-14;1.0
AN03540-15;1.0
AN03540-16;1.0
AN03540-17;1.0
AN03540-18;1.0
AN03540-19;1.0
AN03540-20;1.0
AN03540-21;1.0
AN03540-22;1.0
CO01285;1.0
PU01770T;1.0
BR06526T;1.0
BR06525T;1.0
AN03359-10;1.0
AN03359-11;1.0
AN03359-12;1.0
AN03359-13;1.0
AN03359-14;1.0
AN03359-15;1.0
AN03359-16;1.0
AN03359-17;1.0
AN03359-18;1.0
AN03359-19;1.0
AN03359-20;1.0
AN03359-21;1.0
AN03359-22;1.0
AN01794-10;1.0
AN01794-11;1.0
AN01794-12;1.0
AN01794-13;1.0
AN01794-14;1.0
AN01794-15;1.0
AN01794-16;1.0
AN01794-17;1.0
AN01794-18;1.0
AN01794-19;1.0
AN01794-20;1.0
AN01794-21;1.0
AN01794-22;1.0
BR05967T;1.0
BR05970T;1.0
BR04858T;1.0
CL03884;1.0
CL01124;1.0
CL01125;1.0
CL01131;1.0
CL01132;1.0
CL04200;1.0
CL04201;1.0
CL04202;1.0
AN03326-10;1.0
AN03326-11;1.0
AN03326-12;1.0
AN03326-13;1.0
AN03326-14;1.0
AN03326-15;1.0
AN03326-16;1.0
AN03326-17;1.0
AN03326-18;1.0
AN03326-19;1.0
AN03326-20;1.0
AN03326-21;1.0
AN03326-22;1.0
AN02937-10;1.0
AN02937-11;1.0
AN02937-12;1.0
AN02937-13;1.0
AN02937-14;1.0
AN02937-15;1.0
AN02937-16;1.0
AN02937-17;1.0
AN02937-18;1.0
AN02937-19;1.0
AN02937-20;1.0
AN02937-21;1.0
AN02937-22;1.0
CO01285;1.0
BR05759T;1.0
CL04651;1.0
;1.0
;1.0
PU01859T;1.0
PU01860T;1.0
PU01877T;1.0
PU01874T;1.0
PU01905T;1.0
PU01906T;1.0
PU01907T;1.0
PU01856T;1.0
PU01857T;1.0
PU01876T;1.0
PU01869T;1.0
PU01881T;1.0
PU01875T;1.0
PU01910T;1.0
PU01901T;1.0
PU01902T;1.0
PU01884T;1.0
PU01886T;1.0
PU01908T;1.0
PU01903T;1.0
PU01854T;1.0
PU01888T;1.0
PU01911T;1.0
PU01887T;1.0
PU01891T;1.0
PU01889T;1.0
AN03027-14;1.0
5d033573-37ff-41d2-9450-18d436c4539c;1.0
AN03267-10;1.0
AN03267-11;1.0
AN03267-12;1.0
AN03267-13;1.0
AN03267-14;1.0
AN03267-15;1.0
AN03267-16;1.0
AN03267-17;1.0
AN03267-18;1.0
AN03267-19;1.0
AN03267-20;1.0
AN03267-21;1.0
AN03267-22;1.0
AN03315-10;1.0
AN03315-11;1.0
AN03315-12;1.0
AN03315-13;1.0
AN03315-14;1.0
AN03315-15;1.0
AN03315-16;1.0
AN03315-17;1.0
AN03315-18;1.0
AN03315-19;1.0
AN03315-20;1.0
AN03315-21;1.0
AN03315-22;1.0
AN03604-10;1.0
AN03604-11;1.0
AN03604-12;1.0
AN03604-13;1.0
AN03604-14;1.0
AN03604-15;1.0
AN03604-16;1.0
AN03604-17;1.0
AN03604-18;1.0
AN03604-19;1.0
AN03604-20;1.0
AN03604-21;1.0
AN03604-22;1.0
AN03605-10;1.0
AN03605-11;1.0
AN03605-12;1.0
AN03605-13;1.0
AN03605-14;1.0
AN03605-15;1.0
AN03605-16;1.0
AN03605-17;1.0
AN03605-18;1.0
AN03605-19;1.0
AN03605-20;1.0
AN03605-21;1.0
AN03605-22;1.0
BR06592T;1.0
BR06593T;1.0
BR06594T;1.0
BR06595T;1.0
BR06618T;1.0
BR06620T;1.0
BR06621T;1.0
BR06622T;1.0
BR06623T;1.0
BR06624T;1.0
BR06625T;1.0
BR06627T;1.0
BR06628T;1.0
BR06629T;1.0
BR06632T;1.0
BR06633T;1.0
BR06634T;1.0
BR06635T;1.0
BR06637T;1.0
BR06638T;1.0
CL04668;1.0
CL04669;1.0
PU02096T;1.0
PU02097T;1.0
PU02098T;1.0
BR06636T;1.0
PU01979T;1.0
teste;1.0
d0873dc5-6bf2-499e-b890-2d39a7246a11;1.0
027a576f-35d6-4c4a-b7a0-d8bba29f360a;1.0
3486d96b-f90b-4b4a-b5e0-60f305a2515f;1.0
ce1e999b-6573-4ece-861b-bcc9f27086dd;1.0
df490d11-c7e9-4a55-b9e1-9fd5e6e4088c;1.0
60fc8ebf-9678-49a9-be46-db470f02a142;1.0
e81e4721-9124-407f-ab63-95317aad5701;1.0
161358e8-b8bd-4457-8139-5623bab09310;1.0
2790fb24-e637-4397-a073-5f8389c8a7da;1.0
b42eef4c-3efd-49bd-9ad6-1e26e7a1f851;1.0
63750d9f-35dd-4dc3-9b1f-efa06edd5371;1.0
b1a51b7d-7a3d-4777-97de-966eaeac1641;1.0
639b8909-1c2f-4a06-bc2f-83d398734847;1.0
3a24d8b6-4b6f-4212-8478-0e064ea9d87e;1.0
cdcf1e3c-5024-444c-9df7-818f98629008;1.0
f2e1e9a1-6d77-4876-a587-6983b368bd88;1.0
48d39623-a0f2-4247-8076-fb075e864a2d;1.0
93a72752-bfac-49fd-b594-7d47b2fa826d;1.0
0f23269d-1b6a-4a3d-9d49-1d94631f5d3b;1.0
c208ea74-8548-4139-a23f-9443c20f08d5;1.0
e1b1af37-47ff-4866-b401-e6b07274da18;1.0
caa987d8-d38a-406f-88b5-bf600bd4d53a;1.0
23964804-8608-4497-8082-ec4bf1575fcd;1.0
822b0ec0-0593-4b37-893d-6372add9e35d;1.0
25e82d31-e9a3-4530-bb4a-7c9916210f7b;1.0
c29fefb7-8b75-4ac8-98b5-ca2d78da100c;1.0
PU02106T;1.0
PU02107T;1.0
PU02103T;1.0
PU02105T;1.0
CL04655;1.0
BR06400T;1.0
CL01440;1.0
CL01514;1.0
CL04645;1.0
BR06582T;1.0
BR06598T;1.0
BR06603T;1.0
BR06605T;1.0
PU01409T;1.0
PU02073T;1.0
BR06505T;1.0
BR06589T;1.0
PI01483;1.0
BR06272T;1.0
BR06578T;1.0
BR06609T;1.0
BR06640T;1.0
CL03883;1.0
CL04587;1.0
CL04658;1.0
CL04671;1.0
CL04673;1.0
CL04674;1.0
CL04676;1.0
CL04677;1.0
PU02025T;1.0
CL04604;1.0
AN03607-10;1.0
AN03607-11;1.0
AN03607-12;1.0
AN03607-13;1.0
AN03607-14;1.0
AN03607-15;1.0
AN03607-16;1.0
AN03607-17;1.0
AN03607-18;1.0
AN03607-19;1.0
AN03607-20;1.0
AN03607-21;1.0
AN03607-22;1.0
BR06639T;1.0
BR06642T;1.0
BR06646T;1.0
BR06588T;1.0
PI01144;1.0
CL04666;1.0
BR05029T;1.0
AN03611-10;1.0
AN03611-11;1.0
AN03611-12;1.0
AN03611-13;1.0
AN03611-14;1.0
AN03611-15;1.0
AN03611-16;1.0
AN03611-17;1.0
AN03611-18;1.0
AN03611-19;1.0
AN03611-20;1.0
AN03611-21;1.0
AN03611-22;1.0
BR06586T;1.0
AN01878-10;1.0
AN01878-11;1.0
AN01878-12;1.0
AN01878-13;1.0
AN01878-14;1.0
AN01878-15;1.0
AN01878-16;1.0
AN01878-17;1.0
AN01878-18;1.0
AN01878-19;1.0
AN01878-20;1.0
AN01878-21;1.0
AN01878-22;1.0
AN03609-10;1.0
AN03609-11;1.0
AN03609-12;1.0
AN03609-13;1.0
AN03609-14;1.0
AN03609-15;1.0
AN03609-16;1.0
AN03609-17;1.0
AN03609-18;1.0
AN03609-19;1.0
AN03609-20;1.0
AN03609-21;1.0
AN03609-22;1.0
AN03610-10;1.0
AN03610-11;1.0
AN03610-12;1.0
AN03610-13;1.0
AN03610-14;1.0
AN03610-15;1.0
AN03610-16;1.0
AN03610-17;1.0
AN03610-18;1.0
AN03610-19;1.0
AN03610-20;1.0
AN03610-21;1.0
AN03610-22;1.0
BR01762;1.0
AN01723-10;1.0
AN01723-11;1.0
AN01723-12;1.0
AN01723-13;1.0
AN01723-14;1.0
AN01723-15;1.0
AN01723-16;1.0
AN01723-17;1.0
AN01723-18;1.0
AN01723-19;1.0
AN01723-20;1.0
AN01723-21;1.0
AN01723-22;1.0
BR03068T;1.0
PI01504;1.0
AN03102-10;1.0
AN03102-11;1.0
AN03102-12;1.0
AN03102-13;1.0
AN03102-14;1.0
AN03102-15;1.0
AN03102-16;1.0
AN03102-17;1.0
AN03102-18;1.0
AN03102-19;1.0
AN03102-20;1.0
AN03102-21;1.0
AN03102-22;1.0
BR05776T;1.0
CL04282;1.0
BR06643T;1.0
BR06653T;1.0
CL01373;1.0
CL04141;1.0
CL04175;1.0
AN03113-10;1.0
AN03113-11;1.0
AN03113-12;1.0
AN03113-13;1.0
AN03113-14;1.0
AN03113-15;1.0
AN03113-16;1.0
AN03113-17;1.0
AN03113-18;1.0
AN03113-19;1.0
AN03113-20;1.0
AN03113-21;1.0
AN03113-22;1.0
BR06611T;1.0
BR06612T;1.0
AN03569-10;1.0
AN03569-11;1.0
AN03569-12;1.0
AN03569-13;1.0
AN03569-14;1.0
AN03569-15;1.0
AN03569-16;1.0
AN03569-17;1.0
AN03569-18;1.0
AN03569-19;1.0
AN03569-20;1.0
AN03569-21;1.0
AN03569-22;1.0
PU01916T;1.0
CL04259;1.0
BR06481T;1.0
33869986-3670-408f-9ec6-500f1d5989f3;1.0
603e3747-abfe-433a-b815-372ebed0a8d7;1.0
11140b6a-4a03-40da-b126-94ab9ba069b9;1.0
70eb39f5-d5b9-45cb-8f7c-8cdc8ea4a5c8;1.0
09b1fdb8-0391-4f9e-8e73-f06ed4b57d96;1.0
c9ef75d8-b583-41f2-b198-d6dd81180e25;1.0
c2e7b053-0f89-4f59-9fa8-2fcc44bf115e;1.0
38f260ae-b37f-48a0-be5e-b66b6eaa2fde;1.0
e8992b7c-4457-4388-95ba-c761f7dc7cc3;1.0
7517a12c-b739-49de-9110-39484787240a;1.0
28f5fd76-659f-4f81-b1e5-5e9bcc60f27e;1.0
1523ae5b-d62d-49b4-86fe-bd246e8b37c0;1.0
abc31587-53d3-48b6-ae63-fa2fa8872ef6;1.0
216193af-a5a4-47e9-9f73-85592ec542f5;1.0
238e54c7-8686-4801-9907-00d7e8aa2351;1.0
d121991f-9ede-48b2-b77f-a6085385a4c6;1.0
37785476-30d3-4b51-a6dc-37b74c7590a5;1.0
015bfeed-30ab-409f-a2eb-d0b0eda31c02;1.0
c3b393a9-cf5c-4a0a-b5cc-8ff3244cac38;1.0
25804bb0-4016-4901-8353-86a5c4659c91;1.0
a0249750-3ce0-44b9-b0e9-9840302df676;1.0
1e8ceff9-18b3-4d66-a88d-522ba374f585;1.0
6dbfddf9-7a9e-41c7-8e4a-e2ac6cfe3bee;1.0
5b402806-a653-4854-83da-8b0bc7b1c9ef;1.0
9998f3c4-9b24-4f51-9ee7-a024804c37ed;1.0
76ec442a-de87-4cb9-8f33-7c92e9c5d020;1.0
BR06679T;1.0
BR06680T;1.0
BR06681T;1.0
BR06682T;1.0
BR06683T;1.0
BR06685T;1.0
BR06686T;1.0
BR06687T;1.0
BR06688T;1.0
BR06689T;1.0
BR06690T;1.0
BR06691T;1.0
BR06693T;1.0
BR06694T;1.0
BR06695T;1.0
BR06696T;1.0
BR06697T;1.0
BR06698T;1.0
BR06699T;1.0
BR06700T;1.0
BR06701T;1.0
BR06702T;1.0
BR06703T;1.0
BR06704T;1.0
BR06705T;1.0
BR06706T;1.0
PI01656;1.0
PI01814;1.0
PI01657;1.0
PI01815;1.0
PI01658;1.0
PI01816;1.0
PI01659;1.0
PI01817;1.0
PI01660;1.0
PI01818;1.0
PI01661;1.0
PI01819;1.0
PI01662;1.0
PI01820;1.0
PI01663;1.0
PI01821;1.0
PI01664;1.0
PI01822;1.0
PI01665;1.0
PI01823;1.0
PI01666;1.0
PI01824;1.0
PI01667;1.0
PI01825;1.0
PI01668;1.0
PI01826;1.0
PI01669;1.0
PI01827;1.0
PI01670;1.0
PI01828;1.0
PI01671;1.0
PI01829;1.0
PI01672;1.0
PI01830;1.0
PI01673;1.0
PI01831;1.0
PI01674;1.0
PI01832;1.0
PI01675;1.0
PI01833;1.0
PI01676;1.0
PI01834;1.0
PI01677;1.0
PI01835;1.0
PI01678;1.0
PI01836;1.0
PI01679;1.0
PI01837;1.0
PI01680;1.0
PI01838;1.0
PI01681;1.0
PI01839;1.0
PI01840;1.0
PI01841;1.0
PI01842;1.0
PI01843;1.0
PI01844;1.0
PI01845;1.0
PI01846;1.0
PI01847;1.0
PI01848;1.0
PI01849;1.0
PI01850;1.0
PI01851;1.0
PU02127T;1.0
PU02130T;1.0
PI01852;1.0
PU02131T;1.0
PU02133T;1.0
PU02137T;1.0
PU02138T;1.0
PI01853;1.0
PI01856;1.0
PI01626;1.0
PI01623;1.0
PI01682;1.0
PI01857;1.0
TO00005;1.0
TO00007;1.0
TO00012;1.0
PI01624;1.0
PI01627;1.0
PI01683;1.0
PI01546;1.0
PI01788;1.0
PI01547;1.0
PI01789;1.0
PI01548;1.0
PI01790;1.0
PI01549;1.0
PI01791;1.0
PI01550;1.0
PI01792;1.0
PI01551;1.0
PI01793;1.0
PI01552;1.0
PI01794;1.0
PI01553;1.0
PI01795;1.0
PI01554;1.0
PI01796;1.0
PI01555;1.0
PI01797;1.0
PI01556;1.0
PI01798;1.0
PI01557;1.0
PI01799;1.0
PI01558;1.0
PI01800;1.0
PI01559;1.0
PI01801;1.0
PI01560;1.0
PI01802;1.0
PI01561;1.0
PI01803;1.0
PI01562;1.0
PI01804;1.0
PI01563;1.0
PI01805;1.0
PI01564;1.0
PI01806;1.0
PI01565;1.0
PI01807;1.0
PI01566;1.0
PI01808;1.0
PI01567;1.0
PI01809;1.0
PI01568;1.0
PI01810;1.0
PI01625;1.0
PI01811;1.0
PI01569;1.0
PI01812;1.0
PI01570;1.0
PI01813;1.0
PI01520;1.0
PI01762;1.0
PI01521;1.0
PI01763;1.0
PI01522;1.0
PI01764;1.0
PI01523;1.0
PI01765;1.0
PI01524;1.0
PI01766;1.0
PI01525;1.0
PI01767;1.0
PI01526;1.0
PI01768;1.0
PI01527;1.0
PI01769;1.0
PI01528;1.0
PI01770;1.0
PI01529;1.0
PI01771;1.0
PI01530;1.0
PI01772;1.0
PI01531;1.0
PI01773;1.0
PI01532;1.0
PI01774;1.0
PI01533;1.0
PI01775;1.0
PI01534;1.0
PI01776;1.0
PI01535;1.0
PI01777;1.0
PI01536;1.0
PI01778;1.0
PI01537;1.0
PI01779;1.0
PI01538;1.0
PI01780;1.0
PI01539;1.0
PI01781;1.0
PI01540;1.0
PI01782;1.0
PI01541;1.0
PI01783;1.0
PI01542;1.0
PI01784;1.0
PI01543;1.0
PI01785;1.0
PI01544;1.0
PI01786;1.0
PI01545;1.0
PI01787;1.0
BR06707T;1.0
BR06792T;1.0
BR06708T;1.0
BR06794T;1.0
BR06709T;1.0
BR06795T;1.0
BR06710T;1.0
BR06796T;1.0
BR06711T;1.0
BR06798T;1.0
BR06712T;1.0
BR06799T;1.0
BR06713T;1.0
BR06800T;1.0
BR06715T;1.0
BR06801T;1.0
BR06716T;1.0
BR06802T;1.0
BR06717T;1.0
BR06803T;1.0
BR06718T;1.0
BR06804T;1.0
BR06719T;1.0
BR06805T;1.0
BR06720T;1.0
BR06806T;1.0
BR06721T;1.0
BR06807T;1.0
BR06722T;1.0
BR06808T;1.0
BR06723T;1.0
BR06809T;1.0
BR06724T;1.0
BR06810T;1.0
BR06725T;1.0
BR06811T;1.0
BR06726T;1.0
BR06812T;1.0
BR06727T;1.0
BR06813T;1.0
BR06728T;1.0
BR06814T;1.0
BR06729T;1.0
BR06815T;1.0
BR06730T;1.0
BR06816T;1.0
BR06731T;1.0
BR06817T;1.0
BR06732T;1.0
BR06818T;1.0
BR06733T;1.0
PI01571;1.0
PI01684;1.0
PI01572;1.0
PI01685;1.0
PI01573;1.0
PI01686;1.0
PI01574;1.0
PI01687;1.0
PI01575;1.0
PI01688;1.0
PI01576;1.0
PI01689;1.0
PI01577;1.0
PI01690;1.0
PI01578;1.0
PI01691;1.0
PI01579;1.0
PI01692;1.0
PI01580;1.0
PI01693;1.0
PI01581;1.0
PI01694;1.0
PI01582;1.0
PI01695;1.0
PI01583;1.0
PI01696;1.0
PI01584;1.0
PI01697;1.0
PI01585;1.0
PI01698;1.0
PI01586;1.0
PI01699;1.0
PI01587;1.0
PI01700;1.0
PI01588;1.0
PI01701;1.0
PI01589;1.0
PI01702;1.0
PI01590;1.0
PI01703;1.0
PI01591;1.0
PI01704;1.0
PI01592;1.0
PI01705;1.0
PI01593;1.0
PI01706;1.0
PI01594;1.0
PI01707;1.0
PI01595;1.0
PI01708;1.0
PI01596;1.0
PI01709;1.0
PI01597;1.0
PI01710;1.0
PI01598;1.0
PI01711;1.0
PI01599;1.0
PI01712;1.0
PI01600;1.0
PI01713;1.0
PI01601;1.0
PI01714;1.0
PI01602;1.0
PI01715;1.0
PI01603;1.0
PI01716;1.0
PI01604;1.0
PI01717;1.0
PI01605;1.0
PI01718;1.0
PI01606;1.0
PI01719;1.0
PI01607;1.0
PI01720;1.0
PI01608;1.0
PI01721;1.0
PI01609;1.0
PI01722;1.0
PI01610;1.0
PI01723;1.0
PI01611;1.0
PI01724;1.0
PI01612;1.0
PI01725;1.0
PI01613;1.0
PI01726;1.0
PI01614;1.0
PI01727;1.0
PI01615;1.0
PI01728;1.0
PI01616;1.0
PI01729;1.0
PI01617;1.0
PI01730;1.0
PI01618;1.0
PI01731;1.0
PI01619;1.0
PI01732;1.0
PI01620;1.0
PI01733;1.0
PI01621;1.0
PI01734;1.0
PI01622;1.0
PI01735;1.0
PI01630;1.0
PI01736;1.0
PI01631;1.0
PI01737;1.0
PI01632;1.0
PI01738;1.0
PI01633;1.0
PI01739;1.0
PI01634;1.0
PI01740;1.0
PI01635;1.0
PI01741;1.0
PI01636;1.0
PI01742;1.0
PI01637;1.0
PI01743;1.0
PI01638;1.0
PI01744;1.0
PI01639;1.0
PI01745;1.0
PI01640;1.0
PI01746;1.0
PI01641;1.0
PI01747;1.0
PI01642;1.0
PI01748;1.0
PI01643;1.0
PI01749;1.0
PI01644;1.0
PI01750;1.0
PI01645;1.0
PI01751;1.0
PI01646;1.0
PI01752;1.0
PI01647;1.0
PI01753;1.0
PI01648;1.0
PI01754;1.0
PI01649;1.0
PI01755;1.0
PI01650;1.0
PI01756;1.0
PI01651;1.0
PI01757;1.0
PI01652;1.0
PI01758;1.0
PI01653;1.0
PI01759;1.0
PI01654;1.0
PI01760;1.0
PI01655;1.0
PI01761;1.0
CO01326;1.0
CO01335;1.0
CO01336;1.0
PI01628;1.0
PI01629;1.0
TO00002;1.0
BR06819T;1.0
BR06820T;1.0
BR06821T;1.0
BR06822T;1.0
BR06823T;1.0
BR06824T;1.0
BR06825T;1.0
BR06826T;1.0
BR06827T;1.0
BR06828T;1.0
BR06829T;1.0
BR06830T;1.0
BR06831T;1.0
BR06832T;1.0
BR06833T;1.0
BR06834T;1.0
BR06835T;1.0
BR06836T;1.0
BR06837T;1.0
BR06838T;1.0
BR06839T;1.0
BR06840T;1.0
BR06841T;1.0
BR06842T;1.0
BR06843T;1.0
BR06844T;1.0
BR06760T;1.0
BR06761T;1.0
BR06762T;1.0
BR06763T;1.0
BR06764T;1.0
BR06765T;1.0
BR06766T;1.0
BR06767T;1.0
BR06768T;1.0
BR06769T;1.0
BR06770T;1.0
BR06771T;1.0
BR06772T;1.0
BR06773T;1.0
BR06774T;1.0
BR06775T;1.0
BR06776T;1.0
BR06777T;1.0
BR06778T;1.0
BR06779T;1.0
BR06780T;1.0
BR06781T;1.0
BR06845T;1.0
BR06783T;1.0
BR06784T;1.0
BR06785T;1.0
BR06734T;1.0
BR06735T;1.0
BR06736T;1.0
BR06737T;1.0
BR06738T;1.0
BR06739T;1.0
BR06740T;1.0
BR06741T;1.0
BR06742T;1.0
BR06743T;1.0
BR06744T;1.0
BR06745T;1.0
BR06746T;1.0
BR06747T;1.0
BR06748T;1.0
BR06749T;1.0
BR06750T;1.0
BR06751T;1.0
BR06752T;1.0
BR06753T;1.0
BR06754T;1.0
BR06755T;1.0
BR06756T;1.0
BR06757T;1.0
BR06758T;1.0
BR06759T;1.0
BR06797T;1.0
AN03175;1.0
TO00003;1.0
TO00011;1.0
BR06859T;1.0
BR06860T;1.0
CL04706;1.0
PU02139T;1.0
PU02140T;1.0
PU02141T;1.0
PU02110T;1.0
PI01854;1.0
3a5565b7-846b-484f-a7e9-e9df4cf12343;1.0
BR06881T;1.0
BR06878T;1.0
BR06882T;1.0
BR06886;1.0
BR06887;1.0
BR06879T;1.0
BR06866T;1.0
BR06880T;1.0
BR06865T;1.0
AN03640;1.0
PU02153T;1.0
PU02154T;1.0
PU02155T;1.0
CL04718;1.0
CL04725;1.0
CL04726;1.0
PU02159T;1.0
PU02158T;1.0
PU02160T;1.0
AN03640-10;1.0
AN03640-11;1.0
AN03640-12;1.0
AN03640-13;1.0
AN03640-14;1.0
AN03640-15;1.0
AN03640-16;1.0
AN03640-17;1.0
AN03640-18;1.0
AN03640-19;1.0
AN03640-20;1.0
AN03640-21;1.0
AN03640-22;1.0
AN03660;1.0
AN03663;1.0
BR06969;1.0
BR06947;1.0
BR06949;1.0
BR06969;1.0
BR06971;1.0
BR06948;1.0
AN03660-10;1.0
AN03660-11;1.0
AN03660-12;1.0
AN03660-13;1.0
AN03660-14;1.0
AN03660-15;1.0
AN03660-16;1.0
AN03660-17;1.0
AN03660-18;1.0
AN03660-19;1.0
AN03660-20;1.0
AN03660-21;1.0
AN03660-22;1.0
AN03663-10;1.0
AN03663-11;1.0
AN03663-12;1.0
AN03663-13;1.0
AN03663-14;1.0
AN03663-15;1.0
AN03663-16;1.0
AN03663-17;1.0
AN03663-18;1.0
AN03663-19;1.0
AN03663-20;1.0
AN03663-21;1.0
AN03663-22;1.0
AN03661-10;1.0
AN03661-11;1.0
AN03661-12;1.0
AN03661-13;1.0
AN03661-14;1.0
AN03661-15;1.0
AN03661-16;1.0
AN03661-17;1.0
AN03661-18;1.0
AN03661-19;1.0
AN03661-20;1.0
AN03661-21;1.0
AN03661-22;1.0
AN03662-10;1.0
AN03662-11;1.0
AN03662-12;1.0
AN03662-13;1.0
AN03662-14;1.0
AN03662-15;1.0
AN03662-16;1.0
AN03662-17;1.0
AN03662-18;1.0
AN03662-19;1.0
AN03662-20;1.0
AN03662-21;1.0
AN03662-22;1.0
BR06951;1.0
BR06952;1.0
BR06955;1.0
BR06965;1.0
BR06967;1.0
BR06968;1.0
BR06973;1.0
CL04749;1.0
CL04752;1.0
PI01874;1.0
PI01875;1.0
BR06977;1.0
BR06976;1.0
PU02035T;1.0
BR06922;1.0
BR06984;1.0
BR06982;1.0
PU02183;1.0
PU02180;1.0
CL04757;1.0
CL04755;1.0
PU02181;1.0
PU02186;1.0
AN03667;1.0
AN03667;1.0
AN03667;1.0
AN03667;1.0
AN03668;1.0
AN03668;1.0
AN03668;1.0
AN03668;1.0
BR06985;1.0
CL04756;1.0
AN03667-10;1.0
AN03668-10;1.0
AN03668-11;1.0
AN03668-12;1.0
AN03668-13;1.0
AN03668-14;1.0
AN03668-15;1.0
AN03668-16;1.0
AN03668-17;1.0
AN03668-18;1.0
AN03668-19;1.0
AN03668-20;1.0
AN03668-21;1.0
AN03668-22;1.0
AN03667-11;1.0
AN03667-12;1.0
AN03667-13;1.0
AN03667-14;1.0
AN03667-15;1.0
AN03667-16;1.0
AN03667-17;1.0
AN03667-18;1.0
AN03667-19;1.0
AN03667-20;1.0
AN03667-21;1.0
AN03667-22;1.0
AN01279;1.0
PU02185;1.0
PU02184;1.0
WAN03640-10;1.0
WAN03640-11;1.0
WBR06866T;1.0
WBR06879T;1.0
WBR06887;1.0
WBR06886;1.0
WBR06882T;1.0
WBR06922;1.0
WPU02159T;1.0
WPU02158T;1.0
WPU02160T;1.0
WPU02153T;1.0
WPU02154T;1.0
WPU02155T;1.0
WCL04725;1.0
WCL04718;1.0
WCL04726;1.0
WAN03640-12;1.0
WAN03640-13;1.0
WAN03640-14;1.0
WAN03640-15;1.0
WAN03640-16;1.0
WAN03640-17;1.0
WAN03640-18;1.0
WAN03640-19;1.0
WAN03640-20;1.0
WAN03640-21;1.0
WAN03640-22;1.0
BR07005;1.0
BR07004;1.0
BR07003;1.0
BR07002;1.0
BR07000;1.0
BR07006;1.0
PU02197;1.0
PU02196;1.0
PU02198;1.0
PU02194;1.0
PU02193;1.0
PU02195;1.0
CL04771;1.0
CL04770;1.0
CL04772;1.0
AN03671-10;1.0
AN03671-11;1.0
AN03671-12;1.0
AN03671-13;1.0
AN03671-14;1.0
AN03671-15;1.0
AN03671-16;1.0
AN03671-17;1.0
AN03671-18;1.0
AN03671-19;1.0
AN03671-20;1.0
AN03671-21;1.0
AN03671-22;1.0
BR07001;1.0
CL04765;1.0
CL04767;1.0
CL04766;1.0
CL04759;1.0
CL04768;1.0
BR07037;1.0
CL04805;1.0
BR07056;1.0
BR07038;1.0
TESTE1234;1.0
BR07055;1.0
AN03683-10;1.0
AN03683-11;1.0
AN03683-12;1.0
AN03683-13;1.0
AN03683-14;1.0
AN03683-15;1.0
AN03683-16;1.0
AN03683-17;1.0
AN03683-18;1.0
AN03683-19;1.0
AN03683-20;1.0
AN03683-21;1.0
AN03683-22;1.0
CL04810;1.0
CL04692;1.0
CL04788;1.0
BR06596T;1.0
PU02212;1.0
BR07075;1.0
CL04825;1.0
CL04791;1.0
CL04751;1.0
BR07035;1.0
BR06883T;1.0
AN03690-10;1.0
AN03690-11;1.0
AN03690-12;1.0
AN03690-13;1.0
AN03690-14;1.0
AN03690-15;1.0
AN03690-16;1.0
AN03690-17;1.0
AN03690-18;1.0
AN03690-19;1.0
AN03690-20;1.0
AN03690-21;1.0
AN03690-22;1.0
Cl04821;1.0
Cl04822;1.0
Cl04786;1.0
BR07061;1.0
BR06957;1.0
AN03685-10;1.0
AN03685-11;1.0
AN03685-12;1.0
AN03685-13;1.0
AN03685-14;1.0
AN03685-15;1.0
AN03685-16;1.0
AN03685-17;1.0
AN03685-18;1.0
AN03685-19;1.0
AN03685-20;1.0
AN03685-21;1.0
AN03685-22;1.0
BR07079;1.0
AN03700-10;1.0
AN03700-11;1.0
AN03700-12;1.0
AN03700-13;1.0
AN03700-14;1.0
AN03700-15;1.0
AN03700-16;1.0
AN03700-17;1.0
AN03700-18;1.0
AN03700-19;1.0
AN03700-20;1.0
AN03700-21;1.0
AN03700-22;1.0
BR07036;1.0
BR06907;1.0
