id;sku;title;price;compareAtPrice;product_id;title.1;totalInventory;totalVariants;mediaCount;sku_2
gid://shopify/ProductVariant/46334669095207;BR06283T;M;4300.0;4300.0;gid://shopify/Product/8573441868071;Brinco Black Leopardo - M | Prata com Ródio Negro;5.0;1.0;3;BR06283T
gid://shopify/ProductVariant/46335058542887;BR06373T;Default Title;78000.0;78000.0;gid://shopify/Product/8573490659623;Brinco Celebrate Triplo | Ouro Amarelo 18K e Diamantes;5.0;1.0;2;BR06373T
gid://shopify/ProductVariant/46335063916839;BR06375T;Default Title;59000.0;59000.0;gid://shopify/Product/8573491052839;Brinco Celebrate Duplo | Ouro Amarelo 18K e Diamantes;5.0;1.0;4;BR06375T
gid://shopify/ProductVariant/46335077777703;BR06380T;Default Title;14000.0;14000.0;gid://shopify/Product/8573492298023;Brinco Celebrate Franja | Ouro Amarelo 18K e Diamantes;5.0;1.0;3;BR06380T
gid://shopify/ProductVariant/46335086264615;BR06387T;Default Title;9100.0;9100.0;gid://shopify/Product/8573492986151;Brinco Celebrate Rock | Ouro Amarelo 18K e Diamantes;5.0;1.0;3;BR06387T
gid://shopify/ProductVariant/46335235391783;BR05407T;Default Title;1800.0;1800.0;gid://shopify/Product/8573506322727;Brinco Ear Cuff Chain De Prata Com Ouro Amarelo;5.0;1.0;4;BR05407T
gid://shopify/ProductVariant/46336139165991;CL01451;Default Title;5200.0;5200.0;gid://shopify/Product/8573581656359;Colar Choker De Ouro Branco 18K Com Ródio Negro E Diamante;5.0;1.0;2;CL01451
gid://shopify/ProductVariant/46336139657511;CL03645;Default Title;5500.0;5500.0;gid://shopify/Product/8573582016807;Colar Choker De Ouro Branco 18K Com Ródio Negro E Diamante Negro;5.0;1.0;2;CL03645
gid://shopify/ProductVariant/46336185958695;BR05650T;Default Title;23000.0;23000.0;gid://shopify/Product/8573585883431;Brinco Ear Cuff Deco 2019 De Ouro Branco 18K E Diamante;5.0;1.0;2;BR05650T
gid://shopify/ProductVariant/46336646447399;CL04480;M;7800.0;7800.0;gid://shopify/Product/8573648732455;Colar Leopardo De Prata Com Ouro Amarelo - Maxi;5.0;1.0;5;CL04480
gid://shopify/ProductVariant/46336666075431;BR04852T;Default Title;23000.0;23000.0;gid://shopify/Product/8573652861223;Brinco Ear Cuff Love Ny De Ouro Branco 18K E Diamante;5.0;1.0;2;BR04852T
gid://shopify/ProductVariant/46355437584679;CL03879;Default Title;3400.0;3400.0;gid://shopify/Product/8577746403623;Colar Riviera De Prata Com Ouro Amarelo;5.0;1.0;2;CL03879
gid://shopify/ProductVariant/46355451707687;BR04914T;Default Title;31000.0;31000.0;gid://shopify/Product/8577751286055;Brinco Ear Cuff Voyeur De Ouro Branco 18K Com Ródio Negro E Diamante;5.0;1.0;3;BR04914T
gid://shopify/ProductVariant/46355477397799;BR03071T;Default Title;24000.0;24000.0;gid://shopify/Product/8577762230567;Brinco Ear Cuff Universo De Ouro Branco 18K Com Ródio Negro E Diamante Negro;5.0;1.0;2;BR03071T
gid://shopify/ProductVariant/46355494469927;BR06054T;G;25000.0;25000.0;gid://shopify/Product/8577768915239;Brinco We Love Sapphire De Ouro Amarelo 18K E Diamante - G;5.0;1.0;3;BR06054T
gid://shopify/ProductVariant/46355641073959;CL04631;Default Title;8700.0;8700.0;gid://shopify/Product/8577854800167;Colar Maxi MARE | Prata com Ouro Amarelo 18K;5.0;1.0;3;CL04631
gid://shopify/ProductVariant/46356154712359;PI01330;Default Title;3200.0;3200.0;gid://shopify/Product/8577922728231;Pingente JV MAN II De Prata Com Ródio Negro E Diamante Negro;5.0;1.0;2;PI01330
gid://shopify/ProductVariant/46356159562023;PI01315;Default Title;950.0;950.0;gid://shopify/Product/8577923219751;Pingente JV MAN II De Prata Com Ródio Negro E Ágata;5.0;1.0;2;PI01315
gid://shopify/ProductVariant/46356306788647;PU01893T;P;2900.0;2900.0;gid://shopify/Product/8577944191271;Pulseira JV MAN II De Prata Com Ouro Branco Fosco;5.0;1.0;1;PU01893T
gid://shopify/ProductVariant/46356883669287;CL01134;P;8400.0;8400.0;gid://shopify/Product/8578013364519;Colar JV MAN De Ouro Branco 18K Com Ródio Negro E Diamante Negro - P;5.0;1.0;2;CL01134
gid://shopify/ProductVariant/46356885307687;CL01133;P;8400.0;8400.0;gid://shopify/Product/8578013528359;Colar JV MAN De Ouro Branco 18K E Diamante Negro - P;5.0;1.0;3;CL01133
gid://shopify/ProductVariant/46356887142695;CL01116;Default Title;4100.0;4100.0;gid://shopify/Product/8578013757735;Colar JV MAN De Prata Com Ródio Negro E Diamante Negro;5.0;1.0;2;CL01116
gid://shopify/ProductVariant/46358778642727;PU01937T;P;2200.0;2200.0;gid://shopify/Product/8578438136103;Pulseira Pop Chain De Prata Com Ouro Amarelo;10.0;2.0;2;PU01937T
gid://shopify/ProductVariant/46358797156647;PU01716T;P;18000.0;18000.0;gid://shopify/Product/8578448359719;Pulseira Voyeur De Ouro Branco 18K Com Ródio Negro E Diamante Negro;10.0;2.0;2;PU01716T
gid://shopify/ProductVariant/46393437749543;AN02483-10;10;21000.0;21000.0;gid://shopify/Product/8582654427431;Anel 15 Anos De Ouro Branco 18K E Diamante;65.0;13.0;2;AN02483
gid://shopify/ProductVariant/46393447383335;AN03513-10;10;5900.0;5900.0;gid://shopify/Product/8582655901991;Anel Celebrate | Ouro Amarelo 18K e Esmeraldas;65.0;13.0;3;AN03513
gid://shopify/ProductVariant/46393449120039;AN03073-10;10;1100.0;1100.0;gid://shopify/Product/8582656426279;Anel Chain De Prata Com Ouro Amarelo;65.0;13.0;3;AN03073
gid://shopify/ProductVariant/46393461604647;AN03189-10;10;9800.0;9800.0;gid://shopify/Product/8582658457895;Anel Deco 2019 De Ouro Branco 18K E Diamante;65.0;13.0;2;AN03189
gid://shopify/ProductVariant/46393502761255;AN03407-10;10;6500.0;6500.0;gid://shopify/Product/8582663930151;Anel Rock Star De Ouro Branco 18K Com Ródio Negro E Diamante E Safira - M;65.0;13.0;2;AN03407
gid://shopify/ProductVariant/46393503285543;AN03408-10;10;21000.0;21000.0;gid://shopify/Product/8582664028455;Anel Rock Star - G | Ouro Branco 18K com Ródio Negro, Diamantes e Esmeralda;65.0;13.0;2;AN03408
gid://shopify/ProductVariant/46393506038055;AN03397-10;10;16500.0;16500.0;gid://shopify/Product/8582664388903;Anel Rock Star De Ouro Branco 18K E Ametista E Diamante;65.0;13.0;1;AN03397
gid://shopify/ProductVariant/46393507021095;AN03398-10;10;8000.0;8000.0;gid://shopify/Product/8582664585511;Anel Rock Star | Ouro Branco 18K com Ródio Negro, Diamantes e Safira;65.0;13.0;2;AN03398
gid://shopify/ProductVariant/46393507709223;AN03399-10;10;7500.0;7500.0;gid://shopify/Product/8582664782119;Anel Rock Star | Ouro Branco 18K com Ródio Negro, Diamante e Safiras;65.0;13.0;2;AN03399
gid://shopify/ProductVariant/46393508299047;AN03400-10;10;4600.0;4600.0;gid://shopify/Product/8582664913191;Anel Rock Star De Ouro Branco 18K Com Ródio Negro E Diamante Negro - P;65.0;13.0;2;AN03400
gid://shopify/ProductVariant/46393510822183;AN06169-10;10;7500.0;7500.0;gid://shopify/Product/8582665404711;Anel Rock Star De Ouro Branco 18K Com Ródio Negro E Diamante E Safira;65.0;13.0;2;AN06169
gid://shopify/ProductVariant/46393514721575;AN01868-10;10;3200.0;3200.0;gid://shopify/Product/8582665830695;Anel Savage De Ouro Branco 18K Com Ródio Negro E Esmeralda;65.0;13.0;2;AN01868
gid://shopify/ProductVariant/46393515639079;AN01890-10;10;3200.0;3200.0;gid://shopify/Product/8582665928999;Anel Savage De Ouro Branco 18K Com Ródio Negro E Safira;65.0;13.0;1;AN01890
gid://shopify/ProductVariant/46512701243687;CL01124;G;10200.0;10200.0;gid://shopify/Product/8613206688039;Colar JV MAN De Ouro Branco 18K E Diamante Negro - G;5.0;1.0;1;CL01124
gid://shopify/ProductVariant/46579531972903;BR06592T;Default Title;29000.0;29000.0;gid://shopify/Product/8630833185063;Argola Fringe New Vintage | Ouro Amarelo 18K com Diamantes;5.0;1.0;4;BR06592T
gid://shopify/ProductVariant/46579533775143;BR06618T;G;54000.0;54000.0;gid://shopify/Product/8630834299175;Argola Power Diamond - G, New Vintage | Ouro Amarelo 18K, com Diamantes;5.0;1.0;5;BR06618T
gid://shopify/ProductVariant/46579534004519;BR06620T;Default Title;22000.0;22000.0;gid://shopify/Product/8630834528551;Brinco New Vintage | Ouro Branco 18K com Diamantes;5.0;1.0;5;BR06620T
gid://shopify/ProductVariant/46579535085863;BR06622T;Default Title;42000.0;42000.0;gid://shopify/Product/8630834954535;Brinco Diamond Fringe New Vintage | Ouro Branco 18K com Diamantes;5.0;1.0;5;BR06622T
gid://shopify/ProductVariant/46579536593191;BR06624T;Default Title;37500.0;37500.0;gid://shopify/Product/8630835478823;Argola Power Fringe New Vintage | Ouro Amarelo 18K com Diamantes;5.0;1.0;4;BR06624T
gid://shopify/ProductVariant/46579541508391;BR06635T;Default Title;32000.0;32000.0;gid://shopify/Product/8630837477671;Brinco New Vintage Power | Ouro Branco 18K com Diamantes;5.0;1.0;4;BR06635T
gid://shopify/ProductVariant/46579545112871;PU02097T;M;34000.0;34000.0;gid://shopify/Product/8630839017767;Pulseira New Vintage Fringe | Ouro Amarelo 18K com Diamantes;15.0;3.0;4;PU02097T
gid://shopify/ProductVariant/46579545768231;PU02098T;M;34000.0;34000.0;gid://shopify/Product/8630839279911;Pulseira New Vintage Fringe | Ouro Branco 18K com Diamantes;15.0;3.0;3;PU02098T
