id;sku;title;price;compareAtPrice;inventoryQuantity;product_id;title.1;totalInventory;totalVariants;mediaCount;sku_2
gid://shopify/ProductVariant/46330657636647;BR04014T;P;21000.0;17000.0;5;gid://shopify/Product/8572968665383;Brinco 15 Anos - P | Ouro Branco 18K E Diamantes;5.0;1.0;3;BR04014T
gid://shopify/ProductVariant/46331458519335;BR04027T;P;13000.0;10900.0;5;gid://shopify/Product/8573060383015;Brinco 15 Anos - P | Ouro Branco 18K Com Ródio Negro E Diamantes Negros;5.0;1.0;2;BR04027T
gid://shopify/ProductVariant/46331464122663;BR05117T;P;14000.0;12600.0;5;gid://shopify/Product/8573061038375;Brinco 15 Anos - P | Ouro Branco 18K Com Ródio Negro E Diamantes;5.0;1.0;2;BR05117T
gid://shopify/ProductVariant/46332840935719;BR05813T;G;19000.0;12500.0;5;gid://shopify/Product/8573252272423;Brinco Avantgarde | Ouro Branco 18K Com Ródio Negro E Diamantes;5.0;1.0;3;BR05813T
gid://shopify/ProductVariant/46334858985767;BR05938T;Default Title;3700.0;3700.0;5;gid://shopify/Product/8573469491495;Brinco Blossom | Prata Com Ouro Amarelo 18k E Safira;5.0;1.0;2;BR05938T
gid://shopify/ProductVariant/46335063916839;BR06375T;Default Title;59000.0;59000.0;5;gid://shopify/Product/8573491052839;Brinco Celebrate Duplo | Ouro Amarelo 18K e Diamantes;5.0;1.0;4;BR06375T
gid://shopify/ProductVariant/46335077777703;BR06380T;Default Title;17200.0;14000.0;5;gid://shopify/Product/8573492298023;Brinco Celebrate Franja | Ouro Amarelo 18K e Diamantes;5.0;1.0;3;BR06380T
gid://shopify/ProductVariant/46335086264615;BR06387T;Default Title;11700.0;9100.0;5;gid://shopify/Product/8573492986151;Brinco Celebrate Rock | Ouro Amarelo 18K e Diamantes;5.0;1.0;3;BR06387T
gid://shopify/ProductVariant/46335096095015;BR06301T;Default Title;5200.0;4500.0;5;gid://shopify/Product/8573493870887;Brinco Celebrate Plus Unitário | Ouro Branco 18K e Diamante;5.0;1.0;3;BR06301T
gid://shopify/ProductVariant/46335115788583;BR06378T;Default Title;26000.0;26000.0;5;gid://shopify/Product/8573495607591;Brinco Celebrate | Ouro Branco 18K e Diamantes;5.0;1.0;2;BR06378T
gid://shopify/ProductVariant/46335229755687;BR05400T;G;2300.0;2300.0;5;gid://shopify/Product/8573505896743;Brinco Argola Chain - G | Prata Com Ouro Amarelo 18k;5.0;1.0;5;BR05400T
gid://shopify/ProductVariant/46336082936103;BR05581T;Default Title;3300.0;2900.0;5;gid://shopify/Product/8573576708391;Piercing Chain Lovers | Ouro Branco 18K Com Ródio Negro E Diamantes;5.0;1.0;2;BR05581T
gid://shopify/ProductVariant/46336089096487;BR05580T;Default Title;4300.0;3200.0;5;gid://shopify/Product/8573577265447;Piercing Chain Lovers | Ouro Branco 18K E Diamantes;5.0;1.0;2;BR05580T
gid://shopify/ProductVariant/46336093389095;BR05604T;Default Title;11000.0;;5;gid://shopify/Product/8573577593127;Brinco Argola Chain Lovers - Mini | Ouro Branco 18K e Diamantes;5.0;1.0;3;BR05604T
gid://shopify/ProductVariant/46336096796967;BR05777T;Default Title;13600.0;12000.0;5;gid://shopify/Product/8573577920807;Piercing Chain Lovers | Ouro Branco 18K Com Ródio Negro E Diamantes;5.0;1.0;3;BR05777T
gid://shopify/ProductVariant/46336121569575;CL01443;Default Title;24000.0;20900.0;5;gid://shopify/Product/8573579919655;Colar Choker De Ouro Amarelo 18K;5.0;1.0;3;CL01443
gid://shopify/ProductVariant/46336139264295;CL03641;Default Title;7000.0;5200.0;5;gid://shopify/Product/8573581787431;Colar Choker De Ouro Branco 18K Com Ródio Negro E Rubi;5.0;1.0;3;CL03641
gid://shopify/ProductVariant/46336139493671;CL03642;Default Title;7600.0;6500.0;5;gid://shopify/Product/8573581852967;Colar Choker De Ouro Branco 18K Com Ródio Negro E Esmeralda;5.0;1.0;3;CL03642
gid://shopify/ProductVariant/46336139559207;CL03643;Default Title;5900.0;5200.0;5;gid://shopify/Product/8573581918503;Colar Choker De Ouro Branco 18K Com Ródio Negro E Safira;5.0;1.0;3;CL03643
gid://shopify/ProductVariant/46336139657511;CL03645;Default Title;6200.0;5500.0;5;gid://shopify/Product/8573582016807;Colar Choker De Ouro Branco 18K Com Ródio Negro E Diamante Negro;5.0;1.0;3;CL03645
gid://shopify/ProductVariant/46336140837159;CL01438;Default Title;32000.0;32000.0;5;gid://shopify/Product/8573582213415;Colar Choker De Ouro Branco 18K E Diamante;5.0;1.0;3;CL01438
gid://shopify/ProductVariant/46336178258215;BR05649T;Default Title;15500.0;14500.0;5;gid://shopify/Product/8573585326375;Brinco Ear Cuff Deco 2019 | Ouro Amarelo 18K com ródio negro E Diamantes;5.0;1.0;2;BR05649T
gid://shopify/ProductVariant/46336185958695;BR05650T;Default Title;24000.0;23000.0;5;gid://shopify/Product/8573585883431;Brinco Ear Cuff Deco 2019 De Ouro Branco 18K E Diamante;5.0;1.0;2;BR05650T
gid://shopify/ProductVariant/46336245661991;BR02400T;Default Title;7900.0;5200.0;5;gid://shopify/Product/8573591617831;Brinco Clássico | Ouro Amarelo 18K E Diamantes;5.0;1.0;3;BR02400T
gid://shopify/ProductVariant/46336255263015;CL00016;Default Title;1800.0;1800.0;5;gid://shopify/Product/8573592699175;Corrente Clássico De Ouro Amarelo 18K;5.0;1.0;3;CL00016
gid://shopify/ProductVariant/46336261521703;CO01277;Default Title;1800.0;1800.0;5;gid://shopify/Product/8573593551143;Corrente Clássico De Ouro Branco 18K;5.0;1.0;2;CO01277
gid://shopify/ProductVariant/46336265126183;CO01317;Default Title;3700.0;3700.0;5;gid://shopify/Product/8573594009895;Corrente Clássico De Ouro Rosa 18K;5.0;1.0;3;CO01317
gid://shopify/ProductVariant/46336267059495;BR03167T;Default Title;2200.0;1600.0;5;gid://shopify/Product/8573594304807;Piercing Clássico De Ouro Branco 18K Com Ródio Negro E Diamante Negro;5.0;1.0;3;BR03167T
gid://shopify/ProductVariant/46336272269607;PU01422T;Default Title;1900.0;1500.0;5;gid://shopify/Product/8573595222311;Pulseira Clássico De Ouro Branco 18K E Safira;5.0;1.0;2;PU01422T
gid://shopify/ProductVariant/46336274202919;PU01074T;Default Title;2500.0;1850.0;5;gid://shopify/Product/8573595418919;Pulseira Clássico De Ouro Rosa 18K E Safira;5.0;1.0;3;PU01074T
gid://shopify/ProductVariant/46336276201767;PU01552T;Default Title;2500.0;1500.0;5;gid://shopify/Product/8573595549991;Pulseira Clássico De Ouro Rosa 18K E Safira;5.0;1.0;2;PU01552T
gid://shopify/ProductVariant/46336304644391;BR04220T;Default Title;2200.0;2200.0;5;gid://shopify/Product/8573598564647;Brinco Especial De Ouro Branco 18K E Diamante Negro;5.0;1.0;1;BR04220T
gid://shopify/ProductVariant/46336308347175;BR04223T;Default Title;12400.0;12400.0;5;gid://shopify/Product/8573598957863;Brinco Especial De Ouro Branco 18K E Diamante Negro;5.0;1.0;0;BR04223T
gid://shopify/ProductVariant/46336406159655;BR06039T;Default Title;5900.0;5900.0;5;gid://shopify/Product/8573608821031;Brinco Especial De Ouro Branco 18K E Diamante Solitário;5.0;1.0;3;BR06039T
gid://shopify/ProductVariant/46336406225191;BR06040T;Default Title;7800.0;;5;gid://shopify/Product/8573608853799;Brinco Especial De Ouro Branco 18K E Diamante Solitário;5.0;1.0;3;BR06040T
gid://shopify/ProductVariant/46336406257959;BR06041T;Default Title;10500.0;10500.0;5;gid://shopify/Product/8573608886567;Brinco Especial De Ouro Branco 18K E Diamante Solitário;5.0;1.0;3;BR06041T
gid://shopify/ProductVariant/46336406847783;BR06042T;Default Title;16800.0;16800.0;5;gid://shopify/Product/8573609017639;Brinco Especial De Ouro Branco 18K E Diamante Solitário;5.0;1.0;3;BR06042T
gid://shopify/ProductVariant/46336408060199;BR06111T;Default Title;1400.0;1400.0;5;gid://shopify/Product/8573609214247;Brinco Especial De Ouro Rosa 18K E Diamante Solitário;5.0;1.0;0;BR06111T
gid://shopify/ProductVariant/46336409796903;CL04441;Default Title;7500.0;5950.0;5;gid://shopify/Product/8573609476391;Colar Especial De Ouro Branco 18K E Diamante Solitário;5.0;1.0;2;CL04441
gid://shopify/ProductVariant/46336529334567;BR02064T;Default Title;8400.0;8400.0;5;gid://shopify/Product/8573626286375;Brinco Galeria De Ouro Amarelo 18K;5.0;1.0;2;BR02064T
gid://shopify/ProductVariant/46336531333415;BR02005T;Default Title;13900.0;13900.0;5;gid://shopify/Product/8573626679591;Brinco Galeria De Ouro Branco 18K E Diamante;5.0;1.0;2;BR02005T
gid://shopify/ProductVariant/46336542605607;CL00332;P;4400.0;4400.0;5;gid://shopify/Product/8573629301031;Colar Algema De Ouro Branco 18K E Diamante - P;5.0;1.0;5;CL00332
gid://shopify/ProductVariant/46336551715111;PU01333T;P;3700.0;3700.0;5;gid://shopify/Product/8573630546215;Pulseira Algeminha De Ouro Branco 18K E Diamante - P;5.0;1.0;3;PU01333T
gid://shopify/ProductVariant/46336573538599;BR04305T;Default Title;4400.0;3200.0;5;gid://shopify/Product/8573635100967;Brinco First Diamond De Ouro Rosa 18K E Diamante;5.0;1.0;4;BR04305T
gid://shopify/ProductVariant/46336592675111;PI01066;Default Title;1900.0;1900.0;5;gid://shopify/Product/8573638541607;Pingente Pequeno De Ouro Branco 18K Com Ródio Negro E Diamante;5.0;1.0;3;PI01066
gid://shopify/ProductVariant/46336594510119;PI01067;Default Title;1650.0;1650.0;5;gid://shopify/Product/8573638902055;Pingente Pequeno De Ouro Branco 18K Com Ródio Negro E Diamante;5.0;1.0;3;PI01067
gid://shopify/ProductVariant/46336654967079;BR04824T;Default Title;14000.0;10500.0;5;gid://shopify/Product/8573650239783;Brinco Ear Cuff Love Ny | Ouro Amarelo 18K;5.0;1.0;3;BR04824T
gid://shopify/ProductVariant/46336657981735;BR04845T;Default Title;16500.0;14500.0;5;gid://shopify/Product/8573650796839;Brinco Love Ny De Ouro Amarelo 18K E Diamante;5.0;1.0;3;BR04845T
gid://shopify/ProductVariant/46336660963623;BR04820T;Default Title;19000.0;16000.0;5;gid://shopify/Product/8573651681575;Brinco Love Ny De Ouro Branco 18K E Diamante;5.0;1.0;3;BR04820T
gid://shopify/ProductVariant/46336662864167;BR04847T;Default Title;39000.0;28000.0;5;gid://shopify/Product/8573652107559;Brinco Love Ny De Ouro Branco 18K E Diamante;5.0;1.0;3;BR04847T
gid://shopify/ProductVariant/46336666075431;BR04852T;Default Title;27000.0;23000.0;5;gid://shopify/Product/8573652861223;Brinco Ear Cuff Love Ny | Ouro Branco 18K E Diamantes;5.0;1.0;3;BR04852T
gid://shopify/ProductVariant/46336667812135;CL03693;Default Title;35000.0;35000.0;5;gid://shopify/Product/8573653123367;Colar Love Ny De Ouro Amarelo 18K;5.0;1.0;3;CL03693
gid://shopify/ProductVariant/46336673612071;CL03712;Default Title;51000.0;51000.0;5;gid://shopify/Product/8573654499623;Colar Love NY De Ouro Branco 18K E Diamante;5.0;1.0;3;CL03712
gid://shopify/ProductVariant/46336675283239;CL03716;M;22000.0;22000.0;5;gid://shopify/Product/8573654860071;Colar Love NY De Ouro Branco 18K E Diamante;15.0;3.0;2;CL03716
gid://shopify/ProductVariant/46355364610343;BR05260T;Default Title;7500.0;6900.0;5;gid://shopify/Product/8577717993767;Brinco Lifestyle De Ouro Amarelo 18K;5.0;1.0;2;BR05260T
gid://shopify/ProductVariant/46355366117671;BR05262T;Default Title;9500.0;8700.0;5;gid://shopify/Product/8577719206183;Brinco Lifestyle De Ouro Branco 18K Com Ródio Negro E Diamante;5.0;1.0;2;BR05262T
gid://shopify/ProductVariant/46355367067943;BR05392T;Default Title;9250.0;9250.0;5;gid://shopify/Product/8577719632167;Brinco Lifestyle De Ouro Branco 18K Com Ródio Negro E Diamante Negro;5.0;1.0;2;BR05392T
gid://shopify/ProductVariant/46355367100711;BR05240T;Default Title;16500.0;15500.0;5;gid://shopify/Product/8577719664935;Brinco Lifestyle De Ouro Branco 18K E Diamante;5.0;1.0;2;BR05240T
gid://shopify/ProductVariant/46355367166247;BR05249T;Default Title;45000.0;36000.0;5;gid://shopify/Product/8577719730471;Brinco Lifestyle De Ouro Branco 18K E Diamante;5.0;1.0;2;BR05249T
gid://shopify/ProductVariant/46355367297319;BR05259T;P;27500.0;24000.0;5;gid://shopify/Product/8577719861543;Brinco Lifestyle De Ouro Branco 18K E Diamante - P;5.0;1.0;2;BR05259T
gid://shopify/ProductVariant/46355367330087;BR05261T;Default Title;11000.0;9900.0;5;gid://shopify/Product/8577719894311;Brinco Lifestyle De Ouro Branco 18K E Diamante;5.0;1.0;2;BR05261T
gid://shopify/ProductVariant/46355368509735;BR05283T;Default Title;2550.0;2550.0;5;gid://shopify/Product/8577720353063;Piercing Lifestyle De Ouro Branco 18K Com Ródio Negro E Diamante;5.0;1.0;2;BR05283T
gid://shopify/ProductVariant/46355371557159;BR04415T;Default Title;17400.0;17400.0;5;gid://shopify/Product/8577722253607;Brinco Orquidea De Ouro Branco 18K E Diamante;5.0;1.0;2;BR04415T
gid://shopify/ProductVariant/46355371753767;BR04382T;Default Title;2200.0;2200.0;5;gid://shopify/Product/8577722450215;Brinco Orquidea De Prata Com Ouro Rosa E Diamante;5.0;1.0;2;BR04382T
gid://shopify/ProductVariant/46355371852071;BR04385T;Default Title;4200.0;4200.0;5;gid://shopify/Product/8577722548519;Brinco Orquidea De Prata Com Ouro Rosa E Diamante;5.0;1.0;2;BR04385T
gid://shopify/ProductVariant/46355371950375;BR04381T;Default Title;1950.0;1950.0;5;gid://shopify/Product/8577722679591;Brinco Orquidea De Prata Com Ródio Negro E Diamante;5.0;1.0;2;BR04381T
gid://shopify/ProductVariant/46355372081447;BR04384T;Default Title;3800.0;3800.0;5;gid://shopify/Product/8577722777895;Brinco Orquidea De Prata Com Ródio Negro E Diamante;5.0;1.0;2;BR04384T
gid://shopify/ProductVariant/46355372966183;CL01318;Default Title;6900.0;6900.0;5;gid://shopify/Product/8577723007271;Colar Orquidea De Prata Com Ouro Rosa E Diamante;5.0;1.0;2;CL01318
gid://shopify/ProductVariant/46355374276903;PU01655T;M;4400.0;4400.0;5;gid://shopify/Product/8577723334951;Pulseira Orquidea De Prata Com Ródio Negro E Diamante;10.0;2.0;2;PU01655T
gid://shopify/ProductVariant/46355393642791;BR05453T;Default Title;2300.0;2300.0;5;gid://shopify/Product/8577729102119;Brinco Piscine De Ouro Branco 18K Com Ródio Negro E Diamante - Unitário;5.0;1.0;2;BR05453T
gid://shopify/ProductVariant/46355437289767;BR05033T;Default Title;2900.0;2900.0;5;gid://shopify/Product/8577746272551;Brinco Riviera De Prata Com Ouro Amarelo;5.0;1.0;4;BR05033T
gid://shopify/ProductVariant/46355448955175;BR06452T;P;10900.0;8200.0;5;gid://shopify/Product/8577750237479;Piercing Savage De Ouro Branco 18K E Diamante - P;5.0;1.0;1;BR06452T
gid://shopify/ProductVariant/46355449151783;BR06454T;M;11900.0;10800.0;5;gid://shopify/Product/8577750368551;Piercing Savage De Ouro Branco 18K E Diamante - M;5.0;1.0;1;BR06454T
gid://shopify/ProductVariant/46355451805991;BR04915T;Default Title;17000.0;17000.0;5;gid://shopify/Product/8577751384359;Brinco Ear Cuff Voyeur | Ouro Branco 18K Com Ródio Negro E Diamantes Negros;5.0;1.0;4;BR04915T
gid://shopify/ProductVariant/46355452002599;BR04918T;Default Title;42000.0;37000.0;5;gid://shopify/Product/8577751580967;Brinco Voyeur De Ouro Branco 18K Com Ródio Negro E Diamante Negro;5.0;1.0;3;BR04918T
gid://shopify/ProductVariant/46355452690727;BR04922T;Default Title;39000.0;39000.0;5;gid://shopify/Product/8577752170791;Brinco Ear Cuff Voyeur | Ouro Branco 18K com Diamantes E Safira;5.0;1.0;4;BR04922T
gid://shopify/ProductVariant/46355452821799;BR04923T;Default Title;39000.0;39000.0;5;gid://shopify/Product/8577752301863;Brinco Ear Cuff Voyeur | Ouro Branco 18K com Diamantes E Esmeralda;5.0;1.0;4;BR04923T
gid://shopify/ProductVariant/46355453772071;CL03838;Default Title;31000.0;31000.0;5;gid://shopify/Product/8577752531239;Colar Voyeur De Ouro Branco 18K Com Ródio Negro E Diamante Negro;5.0;1.0;2;CL03838
gid://shopify/ProductVariant/46355455148327;PU01705T;M;19000.0;19000.0;5;gid://shopify/Product/8577752989991;Pulseira Voyeur De Ouro Branco 18K Com Ródio Negro E Diamante Negro - M;5.0;1.0;3;PU01705T
gid://shopify/ProductVariant/46355477201191;BR03067T;Default Title;12000.0;10400.0;5;gid://shopify/Product/8577762099495;Brinco Ear Cuff Universo | Ouro Branco 18K Com Ródio Negro E Rubis;5.0;1.0;3;BR03067T
gid://shopify/ProductVariant/46355477594407;BR03150T;Default Title;31000.0;26000.0;5;gid://shopify/Product/8577762427175;Brinco Ear Cuff Universo | Ouro Branco 18K Com Ródio Negro E Diamantes;5.0;1.0;3;BR03150T
gid://shopify/ProductVariant/46355477922087;BR03063T;Default Title;22000.0;17700.0;5;gid://shopify/Product/8577762754855;Brinco Ear Cuff Universo | Ouro Branco 18K E Diamantes;5.0;1.0;3;BR03063T
gid://shopify/ProductVariant/46355492471079;BR06051T;P;19000.0;14800.0;5;gid://shopify/Product/8577768489255;Brinco Ear Cuff We Love Sapphire - P | Ouro Amarelo 18K E Diamantes;5.0;1.0;3;BR06051T
gid://shopify/ProductVariant/46355492700455;BR06053T;P;13000.0;10500.0;5;gid://shopify/Product/8577768685863;Brinco We Love Sapphire De Ouro Amarelo 18K E Diamante - P;5.0;1.0;4;BR06053T
gid://shopify/ProductVariant/46355494469927;BR06054T;G;31000.0;25000.0;5;gid://shopify/Product/8577768915239;Brinco We Love Sapphire De Ouro Amarelo 18K E Diamante - G;5.0;1.0;4;BR06054T
gid://shopify/ProductVariant/46355494568231;BR06062T;P;9900.0;8500.0;5;gid://shopify/Product/8577769013543;Brinco Ear Cuff We Love Sapphire - P | Ouro Branco 18K Com Ródio Negro E Safiras;5.0;1.0;3;BR06062T
gid://shopify/ProductVariant/46355494633767;BR06063T;P;9900.0;8500.0;5;gid://shopify/Product/8577769079079;Brinco Ear Cuff We Love Sapphire - P | Ouro Branco 18K Com Ródio Negro E Safiras;5.0;1.0;3;BR06063T
gid://shopify/ProductVariant/46355498303783;BR06070T;P;11000.0;9500.0;5;gid://shopify/Product/8577769537831;Brinco We Love Sapphire De Ouro Branco 18K Com Ródio Negro E Diamante - P;5.0;1.0;4;BR06070T
gid://shopify/ProductVariant/46355498696999;BR06072T;G;16000.0;14500.0;5;gid://shopify/Product/8577769734439;Brinco We Love Sapphire De Ouro Branco 18K Com Ródio Negro E Safira - G;5.0;1.0;4;BR06072T
gid://shopify/ProductVariant/46355502530855;BR06074T;G;23000.0;21500.0;5;gid://shopify/Product/8577770094887;Brinco We Love Sapphire De Ouro Branco 18K Com Ródio Negro E Diamante - G;5.0;1.0;4;BR06074T
gid://shopify/ProductVariant/46355502891303;BR06056T;G;9500.0;9500.0;5;gid://shopify/Product/8577770455335;Brinco Ear Cuff We Love Sapphire - G | Ouro Rosa 18K E Safiras;5.0;1.0;3;BR06056T
gid://shopify/ProductVariant/46355503382823;BR06058T;G;14500.0;14500.0;5;gid://shopify/Product/8577770848551;Brinco We Love Sapphire De Ouro Rosa 18K E Safira - G;5.0;1.0;4;BR06058T
gid://shopify/ProductVariant/46355503513895;BR06059T;Default Title;16000.0;13800.0;5;gid://shopify/Product/8577770979623;Brinco Ear Cuff We Love Sapphire | Ouro Rosa 18K E Diamantes;5.0;1.0;3;BR06059T
gid://shopify/ProductVariant/46355505643815;BR06071T;G;23000.0;21500.0;5;gid://shopify/Product/8577771307303;Brinco We Love Sapphire De Ouro Rosa 18K E Diamante - G;5.0;1.0;4;BR06071T
gid://shopify/ProductVariant/46355505807655;PI01364;Default Title;6000.0;6000.0;5;gid://shopify/Product/8577771438375;Piercing We Love Sapphire De Ouro Amarelo 18K E Diamante;5.0;1.0;3;PI01364
gid://shopify/ProductVariant/46355505873191;PI01457;Default Title;7600.0;7600.0;5;gid://shopify/Product/8577771503911;Piercing We Love Sapphire De Ouro Branco 18K E Diamante;5.0;1.0;2;PI01457
gid://shopify/ProductVariant/46355508166951;BR05987T;Default Title;1800.0;1800.0;5;gid://shopify/Product/8577772618023;Brinco Dois Elos Pop Chain - P | Prata Com Ouro Amarelo 18k;5.0;1.0;3;BR05987T
gid://shopify/ProductVariant/46355508625703;BR05984T;G;1900.0;1900.0;5;gid://shopify/Product/8577773076775;Brinco Dois Elos Pop Chain - G | Prata Com Ródio Negro;5.0;1.0;3;BR05984T
gid://shopify/ProductVariant/46355511148839;CL04429;Default Title;3900.0;3900.0;5;gid://shopify/Product/8577773699367;Colar Pop Chain | Prata Com Ouro Amarelo 18K;5.0;1.0;3;CL04429
gid://shopify/ProductVariant/46355517276455;BR05782T;Default Title;3100.0;3100.0;5;gid://shopify/Product/8577776189735;Brinco Rock&Hot De Prata Com Ouro Amarelo;5.0;1.0;3;BR05782T
gid://shopify/ProductVariant/46355517669671;BR05783T;Default Title;3500.0;3500.0;5;gid://shopify/Product/8577776320807;Brinco Rock&Hot De Prata Com Ouro Amarelo E Ágata;5.0;1.0;2;BR05783T
gid://shopify/ProductVariant/46355517735207;BR05784T;Default Title;2650.0;2650.0;5;gid://shopify/Product/8577776386343;Brinco Rock&Hot De Prata Com Ouro Amarelo;5.0;1.0;2;BR05784T
gid://shopify/ProductVariant/46355517767975;BR05849T;GG;3900.0;3900.0;5;gid://shopify/Product/8577776419111;Brinco Rock&Hot De Prata Com Ouro Amarelo - GG;5.0;1.0;2;BR05849T
gid://shopify/ProductVariant/46355517931815;PU01915T;M;3100.0;3100.0;5;gid://shopify/Product/8577776582951;Pulseira Rock&Hot De Prata Com Ouro Amarelo - M;5.0;1.0;3;PU01915T
gid://shopify/ProductVariant/46355519308071;BR06155T;M;7800.0;7800.0;5;gid://shopify/Product/8577777893671;Brinco Ear Cuff Rock Star - M | Ouro Branco 18K com Ródio Negro e Rubi;5.0;1.0;2;BR06155T
gid://shopify/ProductVariant/46355519373607;BR06159T;P;5900.0;5900.0;5;gid://shopify/Product/8577777959207;Brinco Ear Cuff Rock Star - P | Ouro Branco 18K com Ródio Negro e Diamantes Negros;5.0;1.0;2;BR06159T
gid://shopify/ProductVariant/46355519439143;BR06168T;Default Title;11000.0;11000.0;5;gid://shopify/Product/8577778024743;Brinco Rock Star | Ouro Branco 18K Com Ródio Negro, Diamantes E Safiras;5.0;1.0;2;BR06168T
gid://shopify/ProductVariant/46355519865127;BR06172T;Default Title;7000.0;7000.0;5;gid://shopify/Product/8577778417959;Brinco Rock Star | Ouro Branco 18K Com Ródio Negro, Diamantes e Rubis;5.0;1.0;2;BR06172T
gid://shopify/ProductVariant/46355520454951;BR06174T;Default Title;11000.0;11000.0;5;gid://shopify/Product/8577778680103;Brinco Rock Star | Ouro Branco 18K Com Ródio Negro, Diamantes E Safiras;5.0;1.0;2;BR06174T
gid://shopify/ProductVariant/46355521044775;BR06177T;Default Title;12500.0;12500.0;5;gid://shopify/Product/8577779007783;Brinco Rock Star | Ouro Branco 18K Com Ródio Negro, Diamantes e Safiras;5.0;1.0;2;BR06177T
gid://shopify/ProductVariant/46355521208615;BR06178T;M;9500.0;9500.0;5;gid://shopify/Product/8577779171623;Brinco Ear Cuff Rock Star - M | Ouro Branco 18K com Ródio Negro e Esmeraldas;5.0;1.0;2;BR06178T
gid://shopify/ProductVariant/46355521274151;BR06179T;M;7800.0;7800.0;5;gid://shopify/Product/8577779204391;Brinco Ear Cuff Rock Star - M | Ouro Branco 18K com Ródio Negro e Safiras;5.0;1.0;2;BR06179T
gid://shopify/ProductVariant/46355521339687;BR06192T;P;7800.0;7800.0;5;gid://shopify/Product/8577779269927;Brinco Ear Cuff Rock Star - P | Ouro Branco 18K com Ródio Negro e Diamantes;5.0;1.0;2;BR06192T
gid://shopify/ProductVariant/46355521503527;BR06252T;M;7800.0;7800.0;5;gid://shopify/Product/8577779433767;Brinco Ear Cuff Rock Star - M | Ouro Branco 18K com Ródio Negro e Safiras;5.0;1.0;1;BR06252T
gid://shopify/ProductVariant/46355521700135;BR06158T;P;9500.0;9500.0;5;gid://shopify/Product/8577779630375;Brinco Ear Cuff Rock Star - P | Ouro Branco 18K e Diamantes;5.0;1.0;2;BR06158T
gid://shopify/ProductVariant/46355523174695;PU01999T;P;19500.0;19500.0;5;gid://shopify/Product/8577780908327;Pulseira Rock Star De Ouro Branco 18K Com Ródio Negro E Diamante Negro;15.0;3.0;3;PU01999T
gid://shopify/ProductVariant/46355523895591;PU02001T;P;18500.0;18500.0;5;gid://shopify/Product/8577781530919;Pulseira Rock Star De Ouro Branco 18K Com Ródio Negro E Safira;15.0;3.0;3;PU02001T
gid://shopify/ProductVariant/46355524452647;PU02003T;P;19500.0;19500.0;5;gid://shopify/Product/8577782022439;Pulseira Rock Star De Ouro Branco 18K Com Ródio Negro E Esmeralda;15.0;3.0;3;PU02003T
gid://shopify/ProductVariant/46355525271847;PU02006T;P;25000.0;25000.0;5;gid://shopify/Product/8577782710567;Pulseira Rock Star De Ouro Branco 18K Com Ródio Negro E Diamante;15.0;3.0;3;PU02006T
gid://shopify/ProductVariant/46355525501223;PU03422T;P;18500.0;18500.0;5;gid://shopify/Product/8577782972711;Pulseira Rock Star De Ouro Branco 18K Com Ródio Negro E Rubi;15.0;3.0;3;PU03422T
gid://shopify/ProductVariant/46355527827751;PU01997T;P;29500.0;29500.0;5;gid://shopify/Product/8577784316199;Pulseira Rock Star De Ouro Branco 18K E Diamante;15.0;3.0;3;PU01997T
gid://shopify/ProductVariant/46355679904039;BR06488T;Default Title;12000.0;9800.0;5;gid://shopify/Product/8577859715367;Brinco Dolce | Ouro Amarelo 18K e Ágata;5.0;1.0;3;BR06488T
gid://shopify/ProductVariant/46355681640743;BR06490T;Default Title;12000.0;9800.0;5;gid://shopify/Product/8577860010279;Brinco Dolce | Ouro Amarelo 18K com Malaquita;5.0;1.0;3;BR06490T
gid://shopify/ProductVariant/46355682885927;BR06491T;Default Title;18000.0;14500.0;5;gid://shopify/Product/8577860174119;Brinco Vita | Ouro Amarelo 18K com Ágata e Diamantes;5.0;1.0;3;BR06491T
gid://shopify/ProductVariant/46355684819239;BR06495T;Default Title;18000.0;14500.0;5;gid://shopify/Product/8577860469031;Brinco Vita | Ouro Amarelo 18K com Coral e Diamantes;5.0;1.0;3;BR06495T
gid://shopify/ProductVariant/46355685441831;BR06496T;Default Title;18000.0;14500.0;5;gid://shopify/Product/8577860600103;Brinco Vita | Ouro Amarelo 18K com Malaquita e Diamantes;5.0;1.0;3;BR06496T
gid://shopify/ProductVariant/46355689046311;BR06501T;Default Title;38000.0;32000.0;5;gid://shopify/Product/8577861157159;Brinco Duo Vita | Ouro Amarelo 18K com Ágata e Diamantes;5.0;1.0;3;BR06501T
gid://shopify/ProductVariant/46355689701671;BR06502T;Default Title;38000.0;32000.0;5;gid://shopify/Product/8577861320999;Brinco Duo Vita | Ouro Amarelo 18K com Ágata e Diamantes;5.0;1.0;3;BR06502T
gid://shopify/ProductVariant/46355690291495;BR06506T;Default Title;25000.0;20500.0;5;gid://shopify/Product/8577861419303;Brinco Duo Dolce | Ouro Amarelo 18K e Ágata;5.0;1.0;3;BR06506T
gid://shopify/ProductVariant/46355690422567;BR06508T;Default Title;25000.0;20500.0;5;gid://shopify/Product/8577861484839;Brinco Duo Dolce | Ouro Amarelo 18K e Ágata;5.0;1.0;3;BR06508T
gid://shopify/ProductVariant/46355697565991;PI01476;Default Title;16000.0;15200.0;5;gid://shopify/Product/8577862828327;Pingente Dolce Vita | Ouro Amarelo 18K com Turquesa e Diamantes;5.0;1.0;3;PI01476
gid://shopify/ProductVariant/46355701694759;PI01482;Default Title;12000.0;10500.0;5;gid://shopify/Product/8577863418151;Pingente Dolce Vita | Ouro Amarelo 18K e Malaquita;5.0;1.0;3;PI01482
gid://shopify/ProductVariant/46355748847911;BR06492T;Default Title;18000.0;14500.0;5;gid://shopify/Product/8577869676839;Brinco Vita | Ouro Amarelo 18K com Safiras e Olho De Tigre;5.0;1.0;3;BR06492T
gid://shopify/ProductVariant/46355751239975;PI01481;Default Title;12000.0;10500.0;5;gid://shopify/Product/8577870135591;Pingente Dolce Vita | Ouro Amarelo 18K e Crisoprásio;5.0;1.0;3;PI01481
gid://shopify/ProductVariant/46355752517927;PI01484;Default Title;12000.0;10500.0;5;gid://shopify/Product/8577870299431;Pingente Dolce Vita | Ouro Amarelo 18K e Olho De Tigre;5.0;1.0;3;PI01484
gid://shopify/ProductVariant/46356159562023;PI01315;Default Title;950.0;950.0;5;gid://shopify/Product/8577923219751;Pingente JV MAN II De Prata Com Ródio Negro E Ágata;5.0;1.0;2;PI01315
gid://shopify/ProductVariant/46356165984551;PI01333;Default Title;950.0;950.0;5;gid://shopify/Product/8577924071719;Pingente JV MAN II De Prata Com Ouro Branco;5.0;1.0;6;PI01333
gid://shopify/ProductVariant/46356306788647;PU01893T;P;2900.0;2900.0;5;gid://shopify/Product/8577944191271;Pulseira JV MAN II De Prata Com Ouro Branco Fosco;5.0;1.0;2;PU01893T
gid://shopify/ProductVariant/46356780319015;BR06207T;Default Title;3200.0;3200.0;5;gid://shopify/Product/8578001436967;Brinco Dois Elos Rock Chain | Prata com Ouro Amarelo 18K;5.0;1.0;5;BR06207T
gid://shopify/ProductVariant/46356787626279;PI01390;G;1050.0;1050.0;5;gid://shopify/Product/8578002387239;Pingente Rock Gota - G | Prata com Ouro Amarelo 18K e Quartzo;5.0;1.0;3;PI01390
gid://shopify/ProductVariant/46356792869159;PI01397;G;1050.0;1050.0;5;gid://shopify/Product/8578003173671;Pingente Rock Gota - G | Prata com Ouro Amarelo 18K e Quartzo;5.0;1.0;3;PI01397
gid://shopify/ProductVariant/46356878721319;AB01009;Default Title;1100.0;1100.0;5;gid://shopify/Product/8578012905767;ABOTOADURA JV MAN | PRATA COM RÓDIO NEGRO;5.0;1.0;2;AB01009
gid://shopify/ProductVariant/46356885307687;CL01133;P;8400.0;8400.0;5;gid://shopify/Product/8578013528359;Colar JV MAN De Ouro Branco 18K E Diamante Negro - P;5.0;1.0;3;CL01133
gid://shopify/ProductVariant/46358797156647;PU01716T;P;18000.0;18000.0;5;gid://shopify/Product/8578448359719;Pulseira Voyeur De Ouro Branco 18K Com Ródio Negro E Diamante Negro;10.0;2.0;2;PU01716T
gid://shopify/ProductVariant/46390856909095;PI01128;G;1080.0;1080.0;5;gid://shopify/Product/8582011224359;Pingente Pop - G | Prata com Ouro Amarelo 18K;5.0;1.0;2;PI01128
gid://shopify/ProductVariant/46390856941863;PI01132;P;650.0;650.0;5;gid://shopify/Product/8582011257127;Pingente Pop óculos - P | Prata Com Ouro Amarelo 18K;5.0;1.0;3;PI01132
gid://shopify/ProductVariant/46393436569895;AN02482-10;10;13800.0;13000.0;5;gid://shopify/Product/8582654230823;ANEL 15 ANOS | OURO BRANCO 18K COM RÓDIO NEGRO E DIAMANTES;65.0;13.0;3;AN02482
gid://shopify/ProductVariant/46393437749543;AN02483-10;10;23000.0;21000.0;5;gid://shopify/Product/8582654427431;ANEL 15 ANOS | OURO BRANCO 18K E DIAMANTES;65.0;13.0;3;AN02483
gid://shopify/ProductVariant/46393446695207;AN03506-10;10;9900.0;7900.0;5;gid://shopify/Product/8582655705383;Anel Celebrate | Ouro Amarelo 18K e Diamantes;65.0;13.0;4;AN03506
gid://shopify/ProductVariant/46393447973159;AN03505-10;10;12900.0;11900.0;5;gid://shopify/Product/8582656098599;Anel Celebrate | Ouro Branco 18K E Diamantes;65.0;13.0;3;AN03505
gid://shopify/ProductVariant/46393457213735;AL0143-10;10;5600.0;4500.0;5;gid://shopify/Product/8582657835303;ALIANÇA CLÁSSICO | OURO BRANCO 18K;65.0;13.0;1;AL0143
gid://shopify/ProductVariant/46393459704103;AL02775-10;10;4600.0;3800.0;5;gid://shopify/Product/8582658162983;ALIANÇA CLÁSSICO | OURO ROSA 18K;65.0;13.0;1;AL02775
gid://shopify/ProductVariant/46393461604647;AN03189-10;10;11000.0;9800.0;5;gid://shopify/Product/8582658457895;Anel Deco 2019 | Ouro Branco 18K E Diamantes;65.0;13.0;2;AN03189
gid://shopify/ProductVariant/46393462030631;AN03556-10;10;14000.0;11500.0;5;gid://shopify/Product/8582658490663;Anel Dolce Vita | Ouro Amarelo 18K com Ágata e Diamantes;65.0;13.0;3;AN03556
gid://shopify/ProductVariant/46393463701799;AN03558-10;10;17000.0;15200.0;5;gid://shopify/Product/8582658654503;Anel Dolce Vita | Ouro Amarelo 18K com Turquesa e Diamantes;65.0;13.0;3;AN03558
gid://shopify/ProductVariant/46393464258855;AN03559-10;10;14000.0;11500.0;5;gid://shopify/Product/8582658720039;Anel Dolce Vita | Ouro Amarelo 18K com Ágata E Diamantes;65.0;13.0;3;AN03559
gid://shopify/ProductVariant/46393465143591;AN03560-10;10;14000.0;11500.0;5;gid://shopify/Product/8582658851111;Anel Dolce Vita | Ouro Amarelo 18K com Malaquita E Diamantes;65.0;13.0;3;AN03560
gid://shopify/ProductVariant/46393466552615;AN03563-10;10;11000.0;9200.0;5;gid://shopify/Product/8582659080487;Anel Dolce Vita | Ouro Amarelo 18K com Ágata;65.0;13.0;3;AN03563
gid://shopify/ProductVariant/46393470615847;AN03567-10;10;11000.0;9200.0;5;gid://shopify/Product/8582659703079;Anel Dolce Vita | Ouro Amarelo 18K com Malaquita;65.0;13.0;3;AN03567
gid://shopify/ProductVariant/46393480151335;AN02445-10;10;4200.0;3200.0;5;gid://shopify/Product/8582660653351;Anel First Diamond | Ouro Branco 18K Com Ródio Negro E Diamante;65.0;13.0;3;AN02445
gid://shopify/ProductVariant/46393481330983;AN02446-10;10;4200.0;3200.0;5;gid://shopify/Product/8582660817191;Anel First Diamond | Ouro Rosa 18K E Diamante;65.0;13.0;3;AN02446
gid://shopify/ProductVariant/46393483297063;AN03030-10;10;7800.0;7800.0;5;gid://shopify/Product/8582660981031;Anel Lifestyle | Ouro Branco 18K Com Ródio Negro E Diamantes;65.0;13.0;2;AN03030
gid://shopify/ProductVariant/46393484247335;AN03033-10;10;7100.0;7100.0;5;gid://shopify/Product/8582661079335;Anel Lifestyle | Ouro Branco 18K Com Ródio Negro E Diamantes Negros;65.0;13.0;2;AN03033
gid://shopify/ProductVariant/46393485230375;AN03029-10;10;8500.0;8500.0;5;gid://shopify/Product/8582661210407;Anel Lifestyle | Ouro Branco 18K E Diamantes;65.0;13.0;2;AN03029
gid://shopify/ProductVariant/46393493094695;AN01608-10;10;2500.0;2500.0;5;gid://shopify/Product/8582662455591;Anel Namo 2012 | Ouro Branco 18K Com Ródio Negro;65.0;13.0;2;AN01608
gid://shopify/ProductVariant/46393501974823;AN03406-10;10;7500.0;7500.0;5;gid://shopify/Product/8582663799079;Anel Rock Star - M | Ouro Branco 18K com Ródio Negro, Diamantes e Safira;65.0;13.0;2;AN03406
gid://shopify/ProductVariant/46393502761255;AN03407-10;10;6500.0;6500.0;5;gid://shopify/Product/8582663930151;Anel Rock Star | Ouro Branco 18K com Ródio Negro, Diamantes e Safira;65.0;13.0;2;AN03407
gid://shopify/ProductVariant/46393504366887;AN03410-10;10;19000.0;19000.0;5;gid://shopify/Product/8582664126759;Anel Rock Star - G | Ouro Branco 18K com Ródio Negro, Diamantes e Safira;65.0;13.0;2;AN03410
gid://shopify/ProductVariant/46393506038055;AN03397-10;10;16500.0;16500.0;5;gid://shopify/Product/8582664388903;Anel Rock Star | Ouro Branco 18K com Ametista e Diamantes;65.0;13.0;1;AN03397
gid://shopify/ProductVariant/46393507021095;AN03398-10;10;8000.0;8000.0;5;gid://shopify/Product/8582664585511;Anel Rock Star | Ouro Branco 18K com Ródio Negro, Diamantes e Safira;65.0;13.0;2;AN03398
gid://shopify/ProductVariant/46393507709223;AN03399-10;10;7500.0;7500.0;5;gid://shopify/Product/8582664782119;Anel Rock Star | Ouro Branco 18K com Ródio Negro, Diamante e Safiras;65.0;13.0;2;AN03399
gid://shopify/ProductVariant/46393509904679;AN03402-10;10;6500.0;6500.0;5;gid://shopify/Product/8582665273639;Anel Rock Star - P | Ouro Branco 18K com Ródio Negro e Rubi;65.0;13.0;2;AN03402
gid://shopify/ProductVariant/46393510822183;AN06169-10;10;7500.0;7500.0;5;gid://shopify/Product/8582665404711;Anel Rock Star | Ouro Branco 18K com Ródio Negro, Diamante e Safiras;65.0;13.0;2;AN06169
gid://shopify/ProductVariant/46393511248167;AN06195-10;10;6500.0;6500.0;5;gid://shopify/Product/8582665437479;Anel Rock Star | Ouro Branco 18K com Ródio Negro e Diamantes;65.0;13.0;2;AN06195
gid://shopify/ProductVariant/46393515639079;AN01890-10;10;3200.0;3200.0;5;gid://shopify/Product/8582665928999;Anel Savage Solitário | Ouro Branco 18K Com Ródio Negro E Safira;65.0;13.0;1;AN01890
gid://shopify/ProductVariant/46496805060903;BR02815T;Default Title;12500.0;12500.0;5;gid://shopify/Product/8608785498407;Brinco Especial De Ouro Branco 18K E Diamante Negro;5.0;1.0;0;BR02815T
gid://shopify/ProductVariant/46496810729767;BR06288T;Default Title;11000.0;11000.0;5;gid://shopify/Product/8608789594407;Brinco Rock Star | Ouro Branco 18K Com Ródio Negro, Diamantes E Safiras;5.0;1.0;0;BR06288T
gid://shopify/ProductVariant/46496810926375;BR05297T;Default Title;1950.0;1950.0;5;gid://shopify/Product/8608789758247;Brinco Tlj De Ouro Branco 18K Com Rodio Negro E Diamante;5.0;1.0;0;BR05297T
gid://shopify/ProductVariant/46496822853927;CO01297;Default Title;2500.0;2500.0;5;gid://shopify/Product/8608794542375;Corrente Clássico De Ouro Amarelo 18K;5.0;1.0;0;CO01297
gid://shopify/ProductVariant/46496823017767;CO01322;Default Title;2500.0;2500.0;5;gid://shopify/Product/8608794673447;Corrente Clássico De Ouro Branco 18K Com Rodio Negro;5.0;1.0;2;CO01322
gid://shopify/ProductVariant/46496823214375;CO01320;Default Title;2500.0;2500.0;5;gid://shopify/Product/8608794837287;Corrente Clássico De Ouro Branco 18K;5.0;1.0;2;CO01320
gid://shopify/ProductVariant/46496824361255;BR06458T;P;3900.0;3500.0;5;gid://shopify/Product/8608795590951;Piercing Savage De Ouro Branco 18K Com Rodio Negro E Esmeralda - P;5.0;1.0;1;BR06458T
gid://shopify/ProductVariant/46496824623399;BR06456T;P;3400.0;3400.0;5;gid://shopify/Product/8608795820327;Piercing Savage De Ouro Branco 18K Com Ródio Negro E Diamante Negro - P;5.0;1.0;1;BR06456T
gid://shopify/ProductVariant/46496824754471;BR06462T;P;2500.0;2500.0;5;gid://shopify/Product/8608795951399;Piercing Savage De Ouro Branco 18K Com Ródio Negro E Rubi - P;5.0;1.0;1;BR06462T
gid://shopify/ProductVariant/46496829341991;PI01458;P;700.0;700.0;5;gid://shopify/Product/8608798998823;Pingente Rock - P | Prata Com Ouro Amarelo 18K E Quartzo Negro;5.0;1.0;0;PI01458
gid://shopify/ProductVariant/46496833405223;PU01212T;Default Title;29000.0;27000.0;5;gid://shopify/Product/8608800866599;Pulseira Clássico De Ouro Branco 18K E Diamante Negro;5.0;1.0;0;PU01212T
gid://shopify/ProductVariant/46496833863975;PU02034T;Default Title;35000.0;22700.0;5;gid://shopify/Product/8608801259815;Pulseira Clássico De Ouro Branco 18K Com Rodio Negro E Esmeralda;5.0;1.0;0;PU02034T
gid://shopify/ProductVariant/46496838549799;PU01654T;P;4400.0;4400.0;5;gid://shopify/Product/8608803684647;Pulseira Orquidea De Prata Com Rodio Negro E Diamante - P;5.0;1.0;2;PU01654T
gid://shopify/ProductVariant/46497002127655;BR06113T;Default Title;2200.0;2200.0;5;gid://shopify/Product/8608880263463;Brinco Especial De Ouro Rosa 18K E Diamante Solitario;5.0;1.0;0;BR06113T
gid://shopify/ProductVariant/46497002357031;BR06112T;Default Title;1100.0;950.0;5;gid://shopify/Product/8608880460071;Brinco Especial De Ouro Rosa 18K E Diamante Solitario;5.0;1.0;0;BR06112T
gid://shopify/ProductVariant/46497002684711;BR05968T;Default Title;9200.0;9200.0;5;gid://shopify/Product/8608880656679;Brinco Especial De Ouro Branco 18K E Diamante Solitario;5.0;1.0;0;BR05968T
gid://shopify/ProductVariant/46509317259559;AN03460-10;10;16500.0;16500.0;5;gid://shopify/Product/8612631806247;Anel Rock Star De Ouro Branco 18K Com Rodio Negro E Quartzo E Diamante;65.0;13.0;0;AN03460
gid://shopify/ProductVariant/46509322207527;AN03462-10;10;16500.0;16500.0;5;gid://shopify/Product/8612632199463;Anel Rock Star De Ouro Branco 18K Com Rodio Negro E Ametista E Diamante;65.0;13.0;0;AN03462
gid://shopify/ProductVariant/46512694526247;PU01770T;Default Title;51000.0;33000.0;5;gid://shopify/Product/8613205868839;Pulseira Clássico De Ouro Branco 18K Com Ródio Negro E Diamante Solitário;5.0;1.0;0;PU01770T
gid://shopify/ProductVariant/46512700555559;BR05967T;Default Title;9800.0;9800.0;5;gid://shopify/Product/8613206327591;Brinco Especial De Ouro Branco 18K E Diamante Solitário;5.0;1.0;0;BR05967T
gid://shopify/ProductVariant/46512700588327;BR05970T;Default Title;11000.0;11000.0;5;gid://shopify/Product/8613206393127;Brinco Especial De Ouro Branco 18K E Diamante Solitário;5.0;1.0;0;BR05970T
gid://shopify/ProductVariant/46512701079847;BR04858T;Default Title;2300.0;1700.0;5;gid://shopify/Product/8613206589735;Brinco Especial De Ouro Amarelo 18K E Esmeralda;5.0;1.0;0;BR04858T
gid://shopify/ProductVariant/46512701243687;CL01124;G;10200.0;10200.0;5;gid://shopify/Product/8613206688039;Colar JV MAN De Ouro Branco 18K E Diamante Negro - G;5.0;1.0;1;CL01124
gid://shopify/ProductVariant/46512701341991;CL01125;G;10200.0;10200.0;5;gid://shopify/Product/8613206786343;Colar JV MAN De Ouro Branco 18K Com Ródio Negro E Diamante Negro - G;5.0;1.0;1;CL01125
gid://shopify/ProductVariant/46512701374759;CL01131;M;9900.0;9900.0;5;gid://shopify/Product/8613206819111;Colar JV MAN De Ouro Branco 18K Com Ródio Negro E Diamante Negro - M;5.0;1.0;0;CL01131
gid://shopify/ProductVariant/46512701407527;CL01132;M;9900.0;9900.0;5;gid://shopify/Product/8613206851879;Colar JV MAN De Ouro Branco 18K E Diamante Negro - M;5.0;1.0;0;CL01132
gid://shopify/ProductVariant/46512701440295;CL04200;G;13300.0;13300.0;5;gid://shopify/Product/8613206917415;Colar JV MAN De Ouro Branco 18K E Diamante Negro - G;5.0;1.0;0;CL04200
gid://shopify/ProductVariant/46512701505831;CL04201;G;13300.0;13300.0;5;gid://shopify/Product/8613206950183;Colar JV MAN De Ouro Branco 18K Com Ródio Negro E Diamante Negro - G;5.0;1.0;0;CL04201
gid://shopify/ProductVariant/46512701571367;CL04202;M;10100.0;10100.0;5;gid://shopify/Product/8613207015719;Colar JV MAN De Ouro Branco 18K E Diamante Negro - M;5.0;1.0;0;CL04202
gid://shopify/ProductVariant/46512702882087;CO01285;Default Title;1450.0;1450.0;5;gid://shopify/Product/8613207343399;Corrente Pop De Prata Com Ouro Rosa;5.0;1.0;0;CO01285
gid://shopify/ProductVariant/46512703176999;BR05759T;G;3000.0;3000.0;5;gid://shopify/Product/8613207441703;Piercing Voyeur De Ouro Branco 18K Com Ródio Negro E Diamante Negro - G;5.0;1.0;0;BR05759T
gid://shopify/ProductVariant/46579531972903;BR06592T;Default Title;29000.0;29000.0;5;gid://shopify/Product/8630833185063;Argola Fringe New Vintage | Ouro Amarelo 18K com Diamantes;5.0;1.0;4;BR06592T
gid://shopify/ProductVariant/46579532398887;BR06593T;Default Title;42500.0;42500.0;5;gid://shopify/Product/8630833545511;Brinco Power Fringe New Vintage | Ouro Amarelo 18K com Diamantes;5.0;1.0;5;BR06593T
gid://shopify/ProductVariant/46579532890407;BR06594T;Default Title;22000.0;22000.0;5;gid://shopify/Product/8630833709351;Brinco New Vintage | Ouro Amarelo 18K com Diamantes;5.0;1.0;3;BR06594T
gid://shopify/ProductVariant/46579534528807;BR06621T;Default Title;25000.0;25000.0;5;gid://shopify/Product/8630834725159;Brinco New Vintage Diamond | Ouro Branco 18K com Diamantes;5.0;1.0;4;BR06621T
gid://shopify/ProductVariant/46579535085863;BR06622T;Default Title;42000.0;42000.0;5;gid://shopify/Product/8630834954535;Brinco Diamond Fringe | Ouro Branco 18K e Diamantes;5.0;1.0;5;BR06622T
gid://shopify/ProductVariant/46579536593191;BR06624T;Default Title;37500.0;37500.0;5;gid://shopify/Product/8630835478823;Argola Power Fringe New Vintage | Ouro Amarelo 18K e Diamantes;5.0;1.0;4;BR06624T
gid://shopify/ProductVariant/46579541508391;BR06635T;Default Title;32000.0;32000.0;5;gid://shopify/Product/8630837477671;Brinco New Vintage Power | Ouro Branco 18K com Diamantes;5.0;1.0;4;BR06635T
gid://shopify/ProductVariant/46579545112871;PU02097T;M;34000.0;34000.0;5;gid://shopify/Product/8630839017767;Pulseira New Vintage Fringe | Ouro Amarelo 18K com Diamantes;15.0;3.0;4;PU02097T
gid://shopify/ProductVariant/46579545768231;PU02098T;M;34000.0;34000.0;5;gid://shopify/Product/8630839279911;Pulseira New Vintage Fringe | Ouro Branco 18K com Diamantes;15.0;3.0;3;PU02098T
gid://shopify/ProductVariant/46965623226663;CL01514;Default Title;8400.0;6300.0;5;gid://shopify/Product/8775432929575;Colar Choker De Ouro Amarelo 18K E Diamante;5.0;1.0;0;CL01514
gid://shopify/ProductVariant/46965624373543;BR06505T;Default Title;25000.0;20500.0;5;gid://shopify/Product/8775433552167;Brinco Dolce Vita De Ouro Amarelo 18K E Malaquita;5.0;1.0;0;BR06505T
gid://shopify/ProductVariant/46965624701223;BR06589T;Default Title;39000.0;39000.0;5;gid://shopify/Product/8775433683239;Brinco Dolce Vita De Ouro Amarelo 18K E Turquesa E Diamante;5.0;1.0;0;BR06589T
gid://shopify/ProductVariant/46965627650343;CL04676;Default Title;11000.0;11000.0;5;gid://shopify/Product/8775434797351;Colar Especial De Ouro Branco 18K E Diamante;5.0;1.0;0;CL04676
gid://shopify/ProductVariant/46965628600615;CL04604;PP;6700.0;6700.0;5;gid://shopify/Product/8775435288871;Colar Leopardo De Prata Com Ouro Amarelo - Pp;5.0;1.0;0;CL04604
gid://shopify/ProductVariant/46965630337319;BR05029T;Default Title;2750.0;2750.0;5;gid://shopify/Product/8775435944231;Brinco Riviera De Prata Com Ouro Amarelo E Diamante;5.0;1.0;0;BR05029T
gid://shopify/ProductVariant/46965633614119;BR01762;Default Title;1900.0;1900.0;5;gid://shopify/Product/8775436697895;Brinco Tlj De Ouro Rosa 18K E Diamante;5.0;1.0;0;BR01762
gid://shopify/ProductVariant/46965633843495;AN01723-10;10;12000.0;9900.0;5;gid://shopify/Product/8775436763431;Anel Universo De Ouro Amarelo 18K;65.0;13.0;0;AN01723
gid://shopify/ProductVariant/46965634924839;PI01504;Default Title;9900.0;9900.0;5;gid://shopify/Product/8775437058343;Piercing Voyeur De Ouro Branco 18K E Diamante;5.0;1.0;0;PI01504
gid://shopify/ProductVariant/46965896839463;BR05776T;Default Title;16000.0;16000.0;5;gid://shopify/Product/8775510491431;Piercing Chain Lovers | Ouro Branco 18K E Diamantes;5.0;1.0;0;BR05776T
gid://shopify/ProductVariant/48315247362343;PU02110T;Default Title;34000.0;;5;gid://shopify/Product/9255343456551;Pulseira Especial De Ouro Amarelo 18K E Diamantes;5.0;1.0;2;PU02110T
gid://shopify/ProductVariant/48594642960679;BR06881T;Default Title;2900.0;;5;gid://shopify/Product/9363565576487;Brinco Especial De Ouro Amarelo 18K E Esmeralda;5.0;1.0;0;BR06881T
