Cod_Prod;sku_2;product_id
AL00031;AL00031;gid://shopify/Product/8582656655655
AL00033;AL00033;gid://shopify/Product/8582657311015
AL00037;AL00037;gid://shopify/Product/8582656786727
AL00042;AL00042;gid://shopify/Product/8582657900839
AL00049;AL00049;gid://shopify/Product/8582657966375
AL00069;AL00069;gid://shopify/Product/8582658031911
AL0119;AL0119;gid://shopify/Product/8582657442087
AL0121;AL0121;gid://shopify/Product/8582657573159
AL0123;AL0123;gid://shopify/Product/8582657736999
AL0127;AL0127;gid://shopify/Product/8582656819495
AL0129;AL0129;gid://shopify/Product/8582657016103
AL0131;AL0131;gid://shopify/Product/8582657147175
AN01150;AN01150;gid://shopify/Product/8582660358439
AN01604;AN01604;gid://shopify/Product/8582661996839
AN01606;AN01606;gid://shopify/Product/8582662226215
AN01607;AN01607;gid://shopify/Product/8582662324519
AN01608;AN01608;gid://shopify/Product/8582662455591
AN01609;AN01609;gid://shopify/Product/8582662521127
AN01610;AN01610;gid://shopify/Product/8582662619431
AN01611;AN01611;gid://shopify/Product/8582662390055
AN01865;AN01865;gid://shopify/Product/8582666649895
AN01867;AN01867;gid://shopify/Product/8582665699623
AN01868;AN01868;gid://shopify/Product/8582665830695
AN02276;AN02276;gid://shopify/Product/8582665634087
AN02473;AN02473;gid://shopify/Product/8612627841319
AN02505;AN02505;gid://shopify/Product/8582663078183
AN02506;AN02506;gid://shopify/Product/8582662816039
AN02702;AN02702;gid://shopify/Product/8612227383591
AN02824;AN02824;gid://shopify/Product/8582661472551
AN02937;AN02937;gid://shopify/Product/8613207212327
AN02943;AN02943;gid://shopify/Product/8612628267303
AN02949;AN02949;gid://shopify/Product/8582654296359
AN03026;AN03026;gid://shopify/Product/8582660882727
AN03031;AN03031;gid://shopify/Product/8582661308711
AN03043;AN03043;gid://shopify/Product/8612629381415
AN03046;AN03046;gid://shopify/Product/8612629217575
AN03073;AN03073;gid://shopify/Product/8582656426279
AN03074;AN03074;gid://shopify/Product/8582656590119
AN03148;AN03148;gid://shopify/Product/8609682620711
AN03240;AN03240;gid://shopify/Product/8612628693287
AN03267;AN03267;gid://shopify/Product/8630831677735
AN03323;AN03323;gid://shopify/Product/8612630921511
AN03360;AN03360;gid://shopify/Product/8582663176487
AN03361;AN03361;gid://shopify/Product/8582663340327
AN03448;AN03448;gid://shopify/Product/8609683931431
AN03500;AN03500;gid://shopify/Product/8612659200295
AN03512;AN03512;gid://shopify/Product/8582656327975
AN03513;AN03513;gid://shopify/Product/8582655901991
AN03533;AN03533;gid://shopify/Product/8609680982311
AN03562;AN03562;gid://shopify/Product/8582659014951
AN03565;AN03565;gid://shopify/Product/8582659309863
AN03566;AN03566;gid://shopify/Product/8582659506471
AN03573;AN03573;gid://shopify/Product/8582666977575
AN03585;AN03585;gid://shopify/Product/8582661734695
AN03586;AN03586;gid://shopify/Product/8582661865767
AN03640;AN03640;gid://shopify/Product/9564725903655
AN03661;AN03661;gid://shopify/Product/9798195380519
AN03662;AN03662;gid://shopify/Product/9798196953383
AN03663;AN03663;gid://shopify/Product/9796585259303
AN06195;AN06195;gid://shopify/Product/8582665437479
AN0791;AN0791;gid://shopify/Product/8582660587815
AN0792;AN0792;gid://shopify/Product/8582660456743
AN0793;AN0793;gid://shopify/Product/8582660292903
BR01992T;BR01992T;gid://shopify/Product/8577738277159
BR02212T;BR02212T;gid://shopify/Product/8573594140967
BR02400T;BR02400T;gid://shopify/Product/8573591617831
BR03066T;BR03066T;gid://shopify/Product/8577761968423
BR03068T;BR03068T;gid://shopify/Product/8775436861735
BR03449T;BR03449T;gid://shopify/Product/8573608722727
BR03682T;BR03682T;gid://shopify/Product/8573594435879
BR04220T;BR04220T;gid://shopify/Product/8573598564647
BR04304T;BR04304T;gid://shopify/Product/8573634642215
BR04355T;BR04355T;gid://shopify/Product/8573060677927
BR04382T;BR04382T;gid://shopify/Product/8577722450215
BR04385T;BR04385T;gid://shopify/Product/8577722548519
BR04822T;BR04822T;gid://shopify/Product/8573650043175
BR04850T;BR04850T;gid://shopify/Product/8573652500775
BR04857T;BR04857T;gid://shopify/Product/8573597647143
BR04906T;BR04906T;gid://shopify/Product/8577763016999
BR05002T;BR05002T;gid://shopify/Product/8577762656551
BR05164T;BR05164T;gid://shopify/Product/8608881410343
BR05246T;BR05246T;gid://shopify/Product/8608879870247
BR05271T;BR05271T;gid://shopify/Product/8577718190375
BR05280T;BR05280T;gid://shopify/Product/8577720287527
BR05282T;BR05282T;gid://shopify/Product/8577720746279
BR05283T;BR05283T;gid://shopify/Product/8577720353063
BR05300T;BR05300T;gid://shopify/Product/8577720385831
BR05352T;BR05352T;gid://shopify/Product/8577838088487
BR05353T;BR05353T;gid://shopify/Product/8577838285095
BR05399T;BR05399T;gid://shopify/Product/8573506715943
BR05400T;BR05400T;gid://shopify/Product/8573505896743
BR05407T;BR05407T;gid://shopify/Product/8573506322727
BR05411T;BR05411T;gid://shopify/Product/8573506486567
BR05449T;BR05449T;gid://shopify/Product/8577728643367
BR05450T;BR05450T;gid://shopify/Product/8577729364263
BR05453T;BR05453T;gid://shopify/Product/8577729102119
BR05598T;BR05598T;gid://shopify/Product/8577767112999
BR05603T;BR05603T;gid://shopify/Product/8573576937767
BR05606T;BR05606T;gid://shopify/Product/8573508452647
BR05642T;BR05642T;gid://shopify/Product/8573585621287
BR05643T;BR05643T;gid://shopify/Product/8573584998695
BR05712T;BR05712T;gid://shopify/Product/8608786317607
BR05782T;BR05782T;gid://shopify/Product/8577776189735
BR05784T;BR05784T;gid://shopify/Product/8577776386343
BR05791T;BR05791T;gid://shopify/Product/8573641785639
BR05983T;BR05983T;gid://shopify/Product/8577772454183
BR05987T;BR05987T;gid://shopify/Product/8577772618023
BR05991T;BR05991T;gid://shopify/Product/8577772716327
BR06004T;BR06004T;gid://shopify/Product/8577773928743
BR06055T;BR06055T;gid://shopify/Product/8577770324263
BR06068T;BR06068T;gid://shopify/Product/8577769308455
BR06120T;BR06120T;gid://shopify/Product/8573647487271
BR06121T;BR06121T;gid://shopify/Product/8573648044327
BR06122T;BR06122T;gid://shopify/Product/8573648372007
BR06123T;BR06123T;gid://shopify/Product/8608786972967
BR06179T;BR06179T;gid://shopify/Product/8577779204391
BR06201T;BR06201T;gid://shopify/Product/8608787890471
BR06207T;BR06207T;gid://shopify/Product/8578001436967
BR06209T;BR06209T;gid://shopify/Product/8577997734183
BR06212T;BR06212T;gid://shopify/Product/8577997570343
BR06231T;BR06231T;gid://shopify/Product/8608939508007
BR06272T;BR06272T;gid://shopify/Product/8775433912615
BR06302T;BR06302T;gid://shopify/Product/8573494231335
BR06370T;BR06370T;gid://shopify/Product/8608939868455
BR06378T;BR06378T;gid://shopify/Product/8573495607591
BR06424T;BR06424T;gid://shopify/Product/8608707871015
BR06503T;BR06503T;gid://shopify/Product/8577861583143
BR06544T;BR06544T;gid://shopify/Product/8577852866855
BR06545T;BR06545T;gid://shopify/Product/8577852965159
BR06549T;BR06549T;gid://shopify/Product/8577853587751
BR06611T;BR06611T;gid://shopify/Product/8775511277863
BR06620T;BR06620T;gid://shopify/Product/8630834528551
BR06625T;BR06625T;gid://shopify/Product/8630835773735
BR06628T;BR06628T;gid://shopify/Product/8630836298023
BR06629T;BR06629T;gid://shopify/Product/8630836592935
BR06642T;BR06642T;gid://shopify/Product/8775435616551
BR06681T;BR06681T;gid://shopify/Product/9055168299303
BR06708T;BR06708T;gid://shopify/Product/9059695558951
BR06734T;BR06734T;gid://shopify/Product/9059693887783
BR06760T;BR06760T;gid://shopify/Product/9059682648359
BR06792T;BR06792T;gid://shopify/Product/9059714760999
BR06819T;BR06819T;gid://shopify/Product/9059678290215
BR06859T;BR06859T;gid://shopify/Product/9182872404263
BR06860T;BR06860T;gid://shopify/Product/9182874665255
BR06878T;BR06878T;gid://shopify/Product/9563499659559
BR06879T;BR06879T;gid://shopify/Product/9564214722855
BR06886;BR06886;gid://shopify/Product/9563542257959
BR06887;BR06887;gid://shopify/Product/9564157968679
BR06947;BR06947;gid://shopify/Product/9797546541351
BR06951;BR06951;gid://shopify/Product/9798221824295
BR06955;BR06955;gid://shopify/Product/9798233489703
BR06965;BR06965;gid://shopify/Product/9798235947303
BR06967;BR06967;gid://shopify/Product/9798244794663
BR06968;BR06968;gid://shopify/Product/9798254559527
CL00730;CL00730;gid://shopify/Product/8573628940583
CL00999;CL00999;gid://shopify/Product/8573592568103
CL01000;CL01000;gid://shopify/Product/8573592142119
CL01116;CL01116;gid://shopify/Product/8578013757735
CL01134;CL01134;gid://shopify/Product/8578013364519
CL01285;CL01285;gid://shopify/Product/8573635428647
CL01449;CL01449;gid://shopify/Product/8573581426983
CL01450;CL01450;gid://shopify/Product/8573580116263
CL04022;CL04022;gid://shopify/Product/8573204300071
CL04023;CL04023;gid://shopify/Product/8573203317031
CL04141;CL04141;gid://shopify/Product/8775510917415
CL04178;CL04178;gid://shopify/Product/8573507469607
CL04197;CL04197;gid://shopify/Product/8577729659175
CL04198;CL04198;gid://shopify/Product/8577730019623
CL04313;CL04313;gid://shopify/Product/8577922335015
CL04314;CL04314;gid://shopify/Product/8577922466087
CL04478;CL04478;gid://shopify/Product/8578445705511
CL04525;CL04525;gid://shopify/Product/8578001633575
CL04550;CL04550;gid://shopify/Product/8578411102503
CL04622;CL04622;gid://shopify/Product/8577854243111
CL04631;CL04631;gid://shopify/Product/8577854800167
CL04706;CL04706;gid://shopify/Product/9182875844903
CL04725;CL04725;gid://shopify/Product/9564752183591
CL04749;CL04749;gid://shopify/Product/9798271172903
CO00012;CO00012;gid://shopify/Product/8608794247463
CO00023;CO00023;gid://shopify/Product/8573593420071
CO01277;CO01277;gid://shopify/Product/8573593551143
CO01279;CO01279;gid://shopify/Product/8577838547239
CO01280;CO01280;gid://shopify/Product/8577838711079
CO01281;CO01281;gid://shopify/Product/8577838842151
CO01292;CO01292;gid://shopify/Product/8608793952551
CO01308;CO01308;gid://shopify/Product/8577922564391
CO01312;CO01312;gid://shopify/Product/8573593190695
CO01313;CO01313;gid://shopify/Product/8573593846055
CO01315;CO01315;gid://shopify/Product/8573593682215
CO01317;CO01317;gid://shopify/Product/8573594009895
CO01320;CO01320;gid://shopify/Product/8608794837287
CO01322;CO01322;gid://shopify/Product/8608794673447
CO01328;CO01328;gid://shopify/Product/8577861943591
CO01336;CO01336;gid://shopify/Product/9055252644135
CO0746;CO0746;gid://shopify/Product/8608795033895
CO0857;CO0857;gid://shopify/Product/8573629727015
CO0937A;CO0937A;gid://shopify/Product/8578165080359
CO0940B;CO0940B;gid://shopify/Product/8578165244199
CO0993;CO0993;gid://shopify/Product/8577738801447
PI01062;PI01062;gid://shopify/Product/8573639262503
PI01063;PI01063;gid://shopify/Product/8573639622951
PI01065;PI01065;gid://shopify/Product/8573638148391
PI01071;PI01071;gid://shopify/Product/8582010962215
PI01073;PI01073;gid://shopify/Product/8578319286567
PI01098;PI01098;gid://shopify/Product/8578319089959
PI01125;PI01125;gid://shopify/Product/8582011060519
PI01127;PI01127;gid://shopify/Product/8582011158823
PI01132;PI01132;gid://shopify/Product/8582011257127
PI01133;PI01133;gid://shopify/Product/8582011289895
PI01136;PI01136;gid://shopify/Product/8582011453735
PI01138;PI01138;gid://shopify/Product/8582011519271
PI01139;PI01139;gid://shopify/Product/8582011650343
PI01145;PI01145;gid://shopify/Product/8582014763303
PI01153;PI01153;gid://shopify/Product/8578318860583
PI01315;PI01315;gid://shopify/Product/8577923219751
PI01318;PI01318;gid://shopify/Product/8577923416359
PI01320;PI01320;gid://shopify/Product/8577922957607
PI01321;PI01321;gid://shopify/Product/8577922662695
PI01330;PI01330;gid://shopify/Product/8577922728231
PI01331;PI01331;gid://shopify/Product/8577923907879
PI01333;PI01333;gid://shopify/Product/8577924071719
PI01342;PI01342;gid://shopify/Product/8577774518567
PI01345;PI01345;gid://shopify/Product/8577774289191
PI01346;PI01346;gid://shopify/Product/8577774649639
PI01350;PI01350;gid://shopify/Product/8577774453031
PI01351;PI01351;gid://shopify/Product/8577774780711
PI01383;PI01383;gid://shopify/Product/8578001797415
PI01390;PI01390;gid://shopify/Product/8578002387239
PI01429;PI01429;gid://shopify/Product/8578290483495
PI01473;PI01473;gid://shopify/Product/8577862336807
PI01495;PI01495;gid://shopify/Product/8577855422759
PI01520;PI01520;gid://shopify/Product/9055138185511
PI01547;PI01547;gid://shopify/Product/9055124193575
PI01571;PI01571;gid://shopify/Product/9055227642151
PI01597;PI01597;gid://shopify/Product/9055237079335
PI01623;PI01623;gid://shopify/Product/9118791958823
PI01627;PI01627;gid://shopify/Product/9051268022567
PI01628;PI01628;gid://shopify/Product/9055318933799
PI01629;PI01629;gid://shopify/Product/9055321948455
PI01630;PI01630;gid://shopify/Product/9055243960615
PI01656;PI01656;gid://shopify/Product/9049766560039
PI01682;PI01682;gid://shopify/Product/9118795956519
PI01683;PI01683;gid://shopify/Product/9118700863783
PI01684;PI01684;gid://shopify/Product/9113554616615
PI01710;PI01710;gid://shopify/Product/9113572671783
PI01736;PI01736;gid://shopify/Product/9113437045031
PI01762;PI01762;gid://shopify/Product/9113465454887
PI01788;PI01788;gid://shopify/Product/9113340248359
PI01814;PI01814;gid://shopify/Product/9113592267047
PI01840;PI01840;gid://shopify/Product/9050792919335
PI01841;PI01841;gid://shopify/Product/9050819166503
PI01844;PI01844;gid://shopify/Product/9050854228263
PI01845;PI01845;gid://shopify/Product/9050859602215
PI01847;PI01847;gid://shopify/Product/9050868056359
PI01848;PI01848;gid://shopify/Product/9050873528615
PI01849;PI01849;gid://shopify/Product/9050875265319
PI01850;PI01850;gid://shopify/Product/9050880999719
PI01851;PI01851;gid://shopify/Product/9050886111527
PI01852;PI01852;gid://shopify/Product/9050897809703
PI01853;PI01853;gid://shopify/Product/9050899087655
PI01874;PI01874;gid://shopify/Product/9798283100455
PI01875;PI01875;gid://shopify/Product/9798284181799
PU01278T;PU01278T;gid://shopify/Product/8573594763559
PU01435T;PU01435T;gid://shopify/Product/8608801980711
PU01568T;PU01568T;gid://shopify/Product/8608882622759
PU01729T;PU01729T;gid://shopify/Product/8578434957607
PU01736T;PU01736T;gid://shopify/Product/8578435481895
PU01764T;PU01764T;gid://shopify/Product/8608883573031
PU01801T;PU01801T;gid://shopify/Product/8573508714791
PU01802T;PU01802T;gid://shopify/Product/8573509992743
PU01805T;PU01805T;gid://shopify/Product/8573509730599
PU01806T;PU01806T;gid://shopify/Product/8573510975783
PU01859T;PU01859T;gid://shopify/Product/8577931280679
PU01868T;PU01868T;gid://shopify/Product/8577927053607
PU01873T;PU01873T;gid://shopify/Product/8577927676199
PU01876T;PU01876T;gid://shopify/Product/8577930985767
PU01884T;PU01884T;gid://shopify/Product/8577943830823
PU01887T;PU01887T;gid://shopify/Product/8577943175463
PU01892T;PU01892T;gid://shopify/Product/8577943961895
PU01893T;PU01893T;gid://shopify/Product/8577944191271
PU01903T;PU01903T;gid://shopify/Product/8577941307687
PU01909T;PU01909T;gid://shopify/Product/8577944781095
PU01938T;PU01938T;gid://shopify/Product/8578438824231
PU01967T;PU01967T;gid://shopify/Product/8578446229799
PU01992T;PU01992T;gid://shopify/Product/8608801128743
PU02007T;PU02007T;gid://shopify/Product/8578006384935
PU02016T;PU02016T;gid://shopify/Product/8578005369127
PU02038T;PU02038T;gid://shopify/Product/8578411659559
PU02048T;PU02048T;gid://shopify/Product/8608802537767
PU02061T;PU02061T;gid://shopify/Product/8608883310887
PU02064T;PU02064T;gid://shopify/Product/8608803062055
PU02067T;PU02067T;gid://shopify/Product/8578005827879
PU02073T;PU02073T;gid://shopify/Product/8775433453863
PU02075T;PU02075T;gid://shopify/Product/8578429944103
PU02079T;PU02079T;gid://shopify/Product/8578425356583
PU02127T;PU02127T;gid://shopify/Product/9050896498983
PU02133T;PU02133T;gid://shopify/Product/9050898268455
PU02137T;PU02137T;gid://shopify/Product/9050902266151
PU02140T;PU02140T;gid://shopify/Product/9182879678759
PU02153T;PU02153T;gid://shopify/Product/9564873687335
PU02160T;PU02160T;gid://shopify/Product/9566443405607
TO00002;TO00002;gid://shopify/Product/9057482637607
TO00003;TO00003;gid://shopify/Product/9057493844263
TO00005;TO00005;gid://shopify/Product/9051193147687
TO00011;TO00011;gid://shopify/Product/9057495089447
TO00012;TO00012;gid://shopify/Product/9051200684327
